번호,게시판,제목,닉네임,등록일,조회수,추천,반대
1029,자유게시판,루프링 선동했던 보랑이다.,흑산도보랑이호지,18:37,1908,3,0
1028,손익인증 게..,루프링 오늘산건데700 먹음개꿀이네요,태풍1호,18:34,1572,0,0
1027,자유게시판,코인고수형왔다. 형믿고 루프링먹은애덜 300퍼 졸...,빨래감,18:33,1620,4,3
1026,자유게시판,연말 30배 먹을 수 있는 선동하나 한다.,리플세대교체,17:57,1924,1,0
1025,자유게시판,2017년 이오스사태알지??ㅋㅋㅋ,hHsu,17:37,2080,0,0
1024,자유게시판,1000~2000으로 1억찍은형들,물린코인에댓글담,17:34,3049,0,1
1023,자유게시판,내가왜?  루프링 3000사토시를 얘기하냐면?,묻고더블루가,17:07,2022,0,0
1022,자유게시판,루나 19000% 수익중,하계동,17:03,2321,5,0
1021,자유게시판,루프링 호재 시그널?,입대전1000만원,16:58,1858,1,1
1020,자유게시판,루프링 관련 재미있는거 알려준다,묻고더블루가,16:54,1890,3,0
1019,자유게시판,(정보글) 바프 상승이 어려운 이유 - 냉철하게 봐...,바프가니스탄탈레방,16:43,2735,15,3
1018,손익인증 게..,개쌉코린이 비캐똥,입대전1000만원,16:42,2260,0,0
1017,자유게시판,관리자에 의해 차단된 글입니다.,총각김치,16:33,2043,113,5
1016,자유게시판,루프링 이제 팔아야 하나요???,시골고총각,16:33,1776,0,0
1015,자유게시판,루프링 호재관련내용 정리,제이씨투,16:31,2688,3,0
1014,자유게시판,비캐똥 내일 새벽에 어떻게 될지 말해줘?,도지풀매코린이,16:30,1542,1,0
1013,자유게시판,게임스탑으로간 루프링 출신 메튜가,흑산도보랑이호지,16:23,2052,0,0
1012,코인정보,SEC 리플 소송관련 자료 삭제 정황 발견됨,코링코인,16:20,3043,8,0
1011,자유게시판,관리자에 의해 차단된 글입니다.,롱스톤매수,16:12,4762,0,7
1010,손익인증 게..,마로 답도 읎다그냥,Luna413,16:02,2467,0,0
1009,자유게시판,딱 1분만 집중해서 들어봐,쪼꼬미언니,15:48,1538,3,4
1008,자유게시판,오미세고 개발팀에 리브랜딩에 관해 물었다.,CalvinKim,15:35,1526,7,3
1007,자유게시판,형들 비캐똥 리브랜딩 안될수도잇어?,네즈코짱,15:14,1601,0,0
1006,자유게시판,저는 홀딩중이긴한데 샌드박스,일조남,14:54,2908,1,0
1005,손익인증 게..,이캐시 언제팔아야되나요?,코인입문20180331,14:48,3396,0,0
1004,자유게시판,나X된거같아형들 어떡해 손발떨려,태클걸지말어라,14:44,2613,2,0
1003,자유게시판,루프링 웬지,50억찍는나란남자~~,14:23,2413,0,0
1002,자유게시판,업비트 비캐똥 내일 9시 공지하면 달나라감?,흑우양성전략본부,13:48,2329,0,0
1001,손익인증 게..,코인 첫 입문과 동시 여유돈으로 매수(12/30 매도...,터질까?,13:37,2238,0,0
1000,자유게시판,아 죽고싶다 비캐똥때메 -800장,최고경영자,13:18,1807,0,0
999,자유게시판,비캐똥 5배먹고 내림 (내린 이유),잡알트대왕,13:18,2943,1,0
998,자유게시판,비깨똥 이 미친,써니키임,12:03,2440,0,0
997,차트분석,비트 단기 차트 다음주 조심,Storj,11:31,2112,3,1
996,코인정보,가상자산 세금제도 쉽게 정리 (꼭 보세요 심각합...,soajflaksalesmsek,11:04,8921,107,5
995,코인정보,"xrp 소송관련 fincen 의 판단, 당시 합의문",코링코인,11:03,3304,8,0
994,자유게시판,비캐똥 으로 와이프 샤넬사줌,구로X지털×지,10:13,4400,21,0
993,손익인증 게..,"100불 시작, 1억 달성",ASU.OP,10:05,2557,3,0
992,손익인증 게..,비캐똥 수익 나이따~~,루팡맨,09:49,3594,0,0
991,자유게시판,코린이를 위한 코인별 별명 안내,한국천사,09:43,1793,0,0
990,손익인증 게..,10억돌파 기념 첫 수익인정 해봅니다^^,델라구아다,09:32,3640,1,0
989,자유게시판,필독]비캐똥 지금 9월 빅호재 때문 날라가는거야,4세대솔라나2025년$5.000,08:57,2424,1,1
988,자유게시판,이사람 돈복터졌겠네,틱띠기장인,08:53,4100,0,0
987,자유게시판,졸부됫다,얼음에콘트라,07:49,3571,2,0
986,자유게시판,시드가 커야 되는 이유 ㅋ,풀매수때렸다,07:45,3891,0,0
985,코인정보,김프와 비트코인의 가격,코잉뿌잉,07:44,7095,12,0
984,자유게시판,내가 어제 비캐똥 이렇게 된다고 했제?,오늘간드아,07:32,2547,0,0
983,자유게시판,비캐똥 어찌해야되 횽들?,도지10000원가즈아,07:15,2159,0,0
982,자유게시판,아까 못참고 비캐똥 샀느데,2021년목표금액50억원,06:58,2436,0,0
981,자유게시판,9천만원 벌기 성공,이뎌려움,06:45,2625,2,0
980,손익인증 게..,비캐똥 빗썸에서 이캐시로 리브랜딩 이후...,나까모또삿갓이,06:44,2825,2,0
979,자유게시판,업빗 호구들을 위해 다시한번 말해준다,리니어컴프,05:22,1586,2,5
978,손익인증 게..,이캐시 두달 존버 결과,대꾸링,04:43,5843,2,0
977,자유게시판,이 정도면 먹여 살립니까? (조건있음),코스모스아톰,04:00,4380,2,0
976,자유게시판,아 이캐시 지린다,붕알큰타이거,03:01,2875,0,0
975,자유게시판,"한남더힐 소유 두나무 이석우, 61억 고급빌라 또 ...",부들부들들,02:48,2834,1,0
974,자유게시판,던프로토콜 바이낸스 상장 기원 1일차,DAWN_,02:24,3489,0,1
973,손익인증 게..,300%,asdfwqfqrfqw,01:57,3429,2,0
972,자유게시판,이정도면 비캐 잡은 이들,zxcv1asdf2,01:40,4131,5,1
971,자유게시판,업비트 이캐시 답변,워뇨띠뺨싸다구위아래로갈긴남자,01:21,2494,0,0
970,손익인증 게..,비캐똥 -> 이캐시 리브랜딩 익절,시보시보,01:19,5189,15,0
969,자유게시판,연말코인가격 예측표 개인적인견해,한강뷰부자,01:05,5829,2,2
968,자유게시판,비트코인캐시에이비씨(업비트)예언,귤귤디,01:01,1532,0,0
967,자유게시판,악으로 깡으로 버텨라,브아아아알,00:53,2493,1,0
966,자유게시판,어제 이캐시 9억갠가 들고있던친구 아직있냐?,트플,00:31,1672,0,0
965,자유게시판,바프 진짜 역대급이네,철수12,00:11,2895,0,0
964,코인정보,캐나다 - USDT 사용금지,코링코인,00:03,8116,3,0
963,코인정보,관리자에 의해 차단된 글입니다.,젖들어출렁이면쏜다,2021.08.28,14104,25,15
962,자유게시판,니들 지금 얼마나 긴장해야되는 상황인지 모르지?,2018어게인,2021.08.28,3380,1,0
961,손익인증 게..,저 아직 살아있어요. 좋은 꿈들 꾸세요.,굿모닝하와유,2021.08.28,2758,0,0
960,자유게시판,코인 졸업하고 싶은 형님들 집중!!!!!!!!!!!!!!!!...,바엄부,2021.08.28,2599,4,2
959,자유게시판,형들 루프링 뭔 일이야,Dkdodido,2021.08.28,6593,0,0
958,자유게시판,스트라티스 바이낸스에서 미친듯이매집,가즈아아앗악,2021.08.28,2011,1,3
957,자유게시판,나 이거 갖고있었음 얼마냐?,말만하면거짓말,2021.08.28,3104,1,0
956,자유게시판,눈 딱감고 존버하면 100%먹는 코인,노무기75,2021.08.28,3370,1,0
955,손익인증 게..,저 아직 살아있네요.,굿모닝하와유,2021.08.28,2494,0,0
954,코인정보,이딴걸 정보라고 쓰기에는 그렇지만 내 예상,라니아케아,2021.08.28,10615,24,5
953,자유게시판,아 코인판 들어올맛 안나네,코인인생줮망,2021.08.28,3306,2,1
952,자유게시판,루프링 미친정보 가져옴[1억짜리 정보],묻고더블루가,2021.08.28,2830,4,2
951,자유게시판,스트라티스는 전고점 넘어 10만원도 가능한 코인...,가즈아아앗악,2021.08.28,1765,0,0
950,자유게시판,와 루프링 저격하니까 다 달려드네 ㅋㅋ,코인오마카세,2021.08.28,1683,0,0
949,자유게시판,존버가 답인거 맞재?,재이천하,2021.08.28,1627,1,0
948,자유게시판,한소희 급 여자친구 사귀는법 존나쉽다,묻고더블루가,2021.08.28,2240,1,0
947,자유게시판,루프링 진짜는 ~,붕이붕이,2021.08.28,1921,0,0
946,자유게시판,메디블록에 3억투자했습니다,이사벨2,2021.08.28,1718,0,0
945,리플,오태민씨가 리플 제대로 후드려 팩트폭력했는데,툼스,2021.08.28,2279,0,3
944,자유게시판,형들 샌드박스 있자나,일조남,2021.08.28,2818,0,0
943,자유게시판,얘들아 이거 내일 출시한다,파이뇽,2021.08.28,10399,36,0
942,자유게시판,형들 나 좆된거 맞지...,대개문시바새키,2021.08.28,1847,0,0
941,자유게시판,29세 개백수저녁,H닭치킨,2021.08.28,1854,1,0
940,자유게시판,대출2500만2일차,약막,2021.08.28,2963,0,0
939,자유게시판,비캐똥 리브랜딩 늦게하면 더 조음,4세대솔라나2025년$5.000,2021.08.28,2491,1,0
938,차트분석,해시리본 분석9,흑개구리,2021.08.28,4047,27,0
937,자유게시판,나 비캐똥 안팔고그냥 이캐시 받을라고,구로X지털×지,2021.08.28,2115,0,0
936,자유게시판,업비트 비캐똥 리브랜딩 공지뜨면 고점 얼마로 봐?,김정은✠최고령도자,2021.08.28,2158,0,0
935,손익인증 게..,오늘 정리했다,콩이쿵,2021.08.28,4175,0,0
934,자유게시판,비캐똥 예상 가격 정확도 99퍼센트 (틀린적 없음),오늘간드아,2021.08.28,1676,3,0
933,코인정보,"랜 노이너 ""보유 중인 이더리움을 전부 솔라...",아직도잡알트를하는코린이가있어?,2021.08.28,8783,2,1
932,손익인증 게..,샌드박스 강승부,그레이스케일추종,2021.08.28,4341,0,0
931,자유게시판,하시벌.. 못참고 비캐똥 3억 매수,브아아아알,2021.08.28,1651,1,0
930,손익인증 게..,오늘 강남룸빵비 나왔다.,일런머스크,2021.08.28,6277,0,1
929,코인정보,bcha 얼마 까지 오를까? 1차 25 2차 70 흑우형들 ...,잊혀진전설,2021.08.28,6548,3,1
928,자유게시판,비캐똥 팔지마세여 아직~,맛집로드,2021.08.28,2314,1,0
927,자유게시판,루프링 지갑이 어떤내용일지과 관건인듯,토토가,2021.08.28,1548,0,0
926,자유게시판,루프링 트윗 내용,입대전1000만원,2021.08.28,1580,1,0
925,자유게시판,내일부터 알트 불장이라는 증거,댓글장인,2021.08.28,1704,0,0
924,자유게시판,다음 코베 상장 가능한 코인은?,BLUED,2021.08.28,19531,36,7
923,손익인증 게..,비캐똥 장기홀딩중 9개월째,풍년제과,2021.08.28,7559,3,1
922,자유게시판,저는 이만 코인판 떠나겠읍니다.!,코린이임,2021.08.28,2892,3,0
921,코인정보,"부테린,머스크 측근 합류.. 도지코인 재단 부활",godism,2021.08.28,8771,4,4
920,자유게시판,너희들 매매법 스타일좀 공유해줘,좋다싶었더만,2021.08.28,1786,0,0
919,자유게시판,이캐시 탈려는 사람 현재상황,97년생엉아,2021.08.28,3311,2,0
918,자유게시판,익절후 출금했습니다 2,기회는온다또,2021.08.28,2575,4,0
917,자유게시판,19) 여친이랑 관계 누가 잘못한거냐?,리플세대교체,2021.08.28,2532,0,1
916,손익인증 게..,혹시 뱅코르 저보다 평단 높게 물리신분 계신가요?,대출받았다,2021.08.28,2366,0,0
915,자유게시판,27살 2억생겼습니다..,wqdkqwkd,2021.08.28,3023,3,1
914,자유게시판,비추받을 글인가요..?,광주불나방,2021.08.28,1532,11,18
913,자유게시판,다음주에 진짜 재밌을거야^^,2018어게인,2021.08.28,2550,0,1
912,손익인증 게..,330>>>2150 만원까지 오래걸렸습니다 .....,최형배,2021.08.28,6293,0,0
911,자유게시판,업비트ㅋㅋㅋㅋ드뎌 공지뜸 입출금 정지,뚜비뚜비야,2021.08.28,3029,1,3
910,자유게시판,"엠블이 ""최악의 김치코인"" 중 하나인 ...",행운만몰려와,2021.08.28,2305,2,0
909,자유게시판,이더리움클래식 1억 무지성 풀매수,BSV100만원,2021.08.28,3059,1,0
908,자유게시판,내친구 비캐똥 5억 > 25억 됐네..,아이빌리브크립토,2021.08.28,2436,0,0
907,손익인증 게..,3만원이였던 내가,셀라룽,2021.08.28,6440,2,0
906,자유게시판,내가 2개월만 들고가려고 하는 코인 소개,놈욱이짱,2021.08.28,2619,0,3
905,자유게시판,9월3일이전에 현금화 필요,2021년까지만버틴다,2021.08.28,28802,57,15
904,자유게시판,코인 최대의 실수,고래펀치,2021.08.28,1726,0,0
903,코인정보,잘 나가는 ADA 때문에 피해 볼 암호화폐는? BCH EOS,사카모토나토시,2021.08.28,18750,17,3
902,코인정보,"피델리티, 2035년 비트코인 1억달러",너의여음,2021.08.28,3066,2,0
901,자유게시판,2~3일내에 경주마,청돌이,2021.08.28,2116,0,0
900,자유게시판,이쯤에서 다시보는 비트코인캐시 대표,한국천사,2021.08.28,1530,0,0
899,자유게시판,관리자에 의해 차단된 글입니다.,수익줄때챙기는마인드,2021.08.28,29292,50,7
898,자유게시판,ㄹㅍㄹ,펌핑탐지장치,2021.08.28,1866,3,0
897,손익인증 게..,형들 버거스왑 저점 잡긴했는데,짱짱트블이,2021.08.28,3030,0,0
896,자유게시판,비캐 무조건 떡상하는 이유! (근거첨부),개들의챈스,2021.08.28,4042,17,1
895,차트분석,이번 사이클의 최고점은 11월이 될 확률이 가장 높다,진리크,2021.08.28,5094,1,2
894,손익인증 게..,코린이 첫수익인증 6월500으로시작,두껍이00,2021.08.28,3525,0,0
893,손익인증 게..,에이다 수익 3243% 인증,염라대대왕,2021.08.28,6015,4,0
892,자유게시판,9월전 미리미리 타둬야할 코인,코인정보공유,2021.08.28,3330,3,0
891,손익인증 게..,5백에서 1억만들기 프로젝트,Brazzer,2021.08.28,3960,0,0
890,자유게시판,김용호 x쌔기 드디어 터질게 터졌네ㅋㅋ,어쩔수없는팟트랏슈,2021.08.28,2901,4,0
889,자유게시판,빗썸 상장에 진심이구나 ;;;,아자아자파이팅,2021.08.28,3910,2,0
888,코인정보,"""완벽한 탈중앙 비트코인 거래소 만들겠다&q...",한소희,2021.08.28,4451,3,0
887,자유게시판,잠자리할때 이런말하면 여자분이좋아한데,반등폭격기,2021.08.28,4051,1,0
886,자유게시판,형들 차 뭐 타?,X.X,2021.08.28,2795,0,0
885,코인정보,"피델리티 ""비트코인 2026년에 100만달러""",한소희,2021.08.28,5304,6,0
884,코인정보,비트 상승 신호 발생,초멘탈파괴자,2021.08.28,7125,5,3
883,자유게시판,너도 곧 차례가 오겠지,타빌로,2021.08.28,2459,1,0
882,리플,[리곧만] SEC 자기논리오류,네버에버,2021.08.28,2463,9,0
881,자유게시판,edcon 루프링 재단 ceo 정확한 발표 시간이다,안녕하시렵니까?,2021.08.28,2070,5,0
880,자유게시판,에라 모르겠다 비캐똥 2억 7천 매수,브아아아알,2021.08.28,1567,4,0
879,자유게시판,"8월, 손절왕의 현실",ScalpingKIM,2021.08.28,3685,28,0
878,손익인증 게..,에이다 십만원 가나요 ?,코인왕!,2021.08.28,8222,4,0
877,자유게시판,이오스 떡상 진짜 개미쳤다;;,은성수대통령,2021.08.28,3224,0,5
876,손익인증 게..,동생들아 30대에 이 정도 자산이면 부자야??,일런머스크,2021.08.28,10083,0,3
875,자유게시판,현금 관망러들은 지금이 씹공포 아니냐,로다주,2021.08.28,1762,5,0
874,자유게시판,9월 BTC장 역시 파멸적 상승 예상함.,뇌절,2021.08.28,1596,2,2
873,자유갤러리,빠져나올 수 있다 vs 그럴생각이 없다.,도도솔솔라라솔,2021.08.28,9057,3,1
872,자유게시판,(속보) 58살 노처녀 아침조진다.jyp,은성수대통령,2021.08.28,3040,0,1
871,자유게시판,오랜만에 글씁니당,서버개발장,2021.08.28,2961,21,2
870,자유게시판,천진반 입니다,비엔컴퍼니,2021.08.28,3867,2,0
869,코인정보,왠지 비트코인 ETF 승인 될 것 같다.,€€€￡€€€$$￥ββ,2021.08.28,9190,5,6
868,자유게시판,곧 확실하게 오르는 코인 두 가지 알려 줌.,파슝슝계란탁,2021.08.28,3018,1,0
867,자유게시판,소원 하나씩만 빌어봐. 내가 들어줄게,예비건물주님,2021.08.28,3163,0,0
866,자유게시판,해외이클 내가지금잘못본거야?,옵황,2021.08.28,2073,0,0
865,자유게시판,내일 코인 가격 적는다,시드5배,2021.08.28,1519,0,0
864,자유게시판,전 코인 졸업합니다 ㅎㅎ,비또고니,2021.08.28,2453,0,0
863,손익인증 게..,한강물 따뜻하냐?,일런머스크,2021.08.28,4563,0,1
862,코인정보,"페이코인, 피자알볼로와 제휴..80% 할인 진행","매도의달인(VTC,버트)",2021.08.28,4694,1,1
861,자유게시판,인생 한방이라고 배웠습니다. 트론 1.7억 태웠습...,아이콘1달러가즈아,2021.08.28,3444,0,0
860,자유게시판,내일 경주마 하나씩 적고가자,불타는경주마,2021.08.28,2915,0,0
859,자유게시판,루프링 발표가 게임스탑호재가 맞다면,어이거뭐지,2021.08.28,3136,0,1
858,자유게시판,싯팔 새우튀김 먹다 응급실옴ㅋㅋ,무소유레버108배도지스님,2021.08.28,2852,1,0
857,자유게시판,10년 전에 남자들 이런 머리 많이 했지,정인선,2021.08.28,3075,0,0
856,자유게시판,얘두라 내 에이다 평균 지린다,이올린,2021.08.28,2374,0,0
855,자유게시판,한국코인 사면 ㅈ되는겁니다,오늘은네가수고했어,2021.08.28,3676,2,0
854,자유게시판,오늘 부터 커피는 믹스만 먹는다,위믹스에전재산,2021.08.28,3688,3,0
853,자유게시판,좋은거 하나 가르쳐줄게,귀신두건,2021.08.28,1866,1,0
852,자유게시판,23살에 이정도 시드면 상위 몇퍼일까요?,완두콩자반,2021.08.28,3771,1,0
851,자유게시판,바프얘기많길레 찾아봤어,Mojave,2021.08.28,1979,1,0
850,자유게시판,바프 바이파이의 미래는?  사더라도 알고 사자,데이터쪼가리로똥닦기,2021.08.28,8302,46,3
849,자유게시판,한국코인 사면 ㅈ되는 겁니다,오늘은네가수고했어,2021.08.28,2209,0,2
848,자유게시판,선릉역 오토바이 사망사고 사진유출되서 봤는데,김라이,2021.08.28,3075,0,0
847,자유게시판,야 루프링 전우들아,50억찍는나란남자~~,2021.08.28,1708,0,0
846,자유게시판,대폭락전엔 항상 가짜상승나왔었다,진성숏쟁이,2021.08.28,2753,4,3
845,자유게시판,bj리듬타타 좆고수 ㄹㅇ 오늘 3000만원 벌었음;;,수익줄때챙기는마인드,2021.08.28,1568,0,0
844,자유게시판,이더리움 진짜로 긴장해야한다,떡상해주세요,2021.08.28,3378,1,0
843,자유게시판,한국코인 사면 안되는 이유,오늘은네가수고했어,2021.08.28,2729,3,0
842,코인정보,ADA 알론조 하드포크 이전 9/1 최종 테스트넷 출...,라이프포터,2021.08.28,14824,26,1
841,자유게시판,술 마셔서 한번더 말해 준다,지후야쫌,2021.08.28,2086,4,0
840,손익인증 게..,저 아직 살아있어요.,굿모닝하와유,2021.08.27,1770,0,1
839,자유게시판,와 ㅈ댔네?? 환희가득한걸떠나서,잘있어라고마웠다,2021.08.27,2666,2,0
838,자유게시판,"테이퍼링,연설 간단명료하게 요약해주자면 이거지",화으성갈끄으니카으엌,2021.08.27,12065,67,5
837,유머/감동,경찰이 뽑은 최악의 경찰 영화,100배레버리지,2021.08.27,3409,0,1
836,유머/감동,격투기에 체급이 필요한 이유,Singularity!!,2021.08.27,2749,1,0
835,자유게시판,에이다 다음은 솔라나다 솔라나 무조건 타놔라,제시코스톨라니,2021.08.27,1663,1,0
834,코인정보,파월 잭슨홀 미팅 발표완료 (정리),Handsel,2021.08.27,28196,96,2
833,손익인증 게..,오늘수익 그대로 날아갈듯..,굿모닝하와유,2021.08.27,3624,2,0
832,손익인증 게..,골로 갑니당,가야밀,2021.08.27,2745,0,0
831,자유게시판,이거루프링 앞뒤가않맞네 ㄷㄷ,Mojave,2021.08.27,1687,0,0
830,자유게시판,왁스 리브랜딩 씹호재 ㅡㅡ,아우놈,2021.08.27,2644,0,0
829,손익인증 게..,한달 500따리-> 3000따리,지존매수왕,2021.08.27,3260,0,1
828,자유게시판,바프 텔방 강퇴당한 메세지내용.jpg,귀여운여우,2021.08.27,2954,0,0
827,자유게시판,에이다 홀더들 나락 잘가고,단타장타그러타,2021.08.27,3232,0,1
826,자유게시판,베이직의 팬케이크스왑이 호재인 이유,루시온83,2021.08.27,1669,4,1
825,이더리움클래식,네가 선택한 이클이다 악으로 깡으로 버텨라,러브에이스,2021.08.27,1795,0,1
824,자유게시판,니들 탱들 다희라고 아냐?,비트코인10억간다,2021.08.27,4023,1,0
823,자유게시판,관리자에 의해 차단된 글입니다.,보딸딸이,2021.08.27,1542,1,1
822,자유게시판,바프 호재 하나 가져 왔어 형,비엔컴퍼니,2021.08.27,3928,2,3
821,자유게시판,관리자에 의해 차단된 글입니다.,아양야아,2021.08.27,1747,0,0
820,리플,에이다 >>>>>>> 리플,btcmarket,2021.08.27,2375,1,1
819,자유게시판,사고싶은 코인이 없다 추천해봐라,보딸딸이,2021.08.27,3235,0,0
818,코인정보,잭슨홀 미팅 라이브로 볼 수 있는 유튜브 CNBC 주...,바보보이,2021.08.27,3664,6,0
817,손익인증 게..,(첫인증) 선물 시작 한달차 코린이,졸업희망자,2021.08.27,2376,0,2
816,코인정보,오늘밤(27일) 잭슨홀 미팅에 쏠린 세계의 눈,웨이브전문가,2021.08.27,6356,1,0
815,자유게시판,저평가 된 코인 3개,언젠가가겠지3,2021.08.27,3688,0,1
814,자유게시판,씨발  소개팅하기로한여자가 1시간늦게왔다,#@@**☆,2021.08.27,4048,1,0
813,자유게시판,빗썸 비캐똥의 미래 (feat.업비트 비캐똥),벤츠111,2021.08.27,2736,1,1
812,자유게시판,바낸 왁스 실시간 트윗,박치단,2021.08.27,1751,0,0
811,자유게시판,바프 트윗 실화냐!!!!!!!!.,귀여운여우,2021.08.27,2394,0,1
810,자유게시판,백마부대 수익인증글이 구라인 이유,귀여운여우,2021.08.27,3134,0,0
809,자유게시판,질리카? 음 업빗물량,잘있어라고마웠다,2021.08.27,2290,0,0
808,코인정보,중소형 거래소가 망해도 돈 버는 이유,대세상승장,2021.08.27,3971,3,3
807,자유게시판,23살 백수인데 미용실아줌마가 뭐라하길래 한마디...,백마부대,2021.08.27,1506,1,1
806,자유게시판,오늘저녁 11시 기점으로 대떡상빔 나올듯,비캐똥수집가,2021.08.27,2969,1,0
805,코인정보,신한은행 중소형 거래소  거래중단,깡스기,2021.08.27,3498,1,1
804,자유게시판,여자친구가 데이트할때 이렇게 입고나와도 됨?,보딸딸이,2021.08.27,4341,1,2
803,코인정보,이더리움 토큰 소각,버들이,2021.08.27,3639,1,0
802,자유게시판,---불안한 시장이 계속 되어지고있다..,천하제일단타대회-,2021.08.27,1888,3,0
801,폰카갤러리,매력적,Lee미르,2021.08.27,8128,15,1
800,자유게시판,바프 코인텔레그래프에 기사떴다.,제이씨투,2021.08.27,2116,2,3
799,바이프로스트,죽을거같아 하루가너무길어,가즈아피자,2021.08.27,1903,0,0
798,자유게시판,[속보] 와 루프링.. 고래매집 개쩐다 오늘 1000원...,쌔리뿐다,2021.08.27,1655,0,1
797,코인정보,[1등당첨번호공유]블록체인 기반 낙첨복권 재활용 앱,응관심없어,2021.08.27,3170,11,0
796,코인정보,[LIVE]실시간 고승범 금융위원장 후보자 인사청문...,Rippler138,2021.08.27,2591,5,0
795,자유게시판,루프링 지갑언제 닫히나요,노르제야,2021.08.27,1937,0,0
794,폰카갤러리,진짜는 귀를보고 따지는겨,병신보면댓글담,2021.08.27,9287,0,5
793,자유게시판,"루프링, 포튜브 발표시간 팩트",어쩔수없는팟트랏슈,2021.08.27,2060,7,0
792,폰카갤러리,월 최소 3천만원 버는 bj,폭군문재앙,2021.08.27,8885,2,1
791,리플,코인원에 4일 연속 송버드 관련 문의 넣는중,코링코인,2021.08.27,1803,7,0
790,폰카갤러리,명기,폭군문재앙,2021.08.27,9923,2,0
789,손익인증 게..,"제꺼좀봐주셔요,,,,",click7823,2021.08.27,3105,0,0
788,자유게시판,상승장때 명언,유나이티드스테이츠오브어우메리카,2021.08.27,2696,9,1
787,코인정보,호재? 맞나요?,흑요석,2021.08.27,6809,2,4
786,자유게시판,루프링 3천 사토시 간다 6900만 매수 인증,꼬부깃,2021.08.27,1640,2,0
785,코인정보,고승범 가상자산 정책 기조변화 없다 은성수 시즌...,양손,2021.08.27,2065,1,0
784,자유게시판,자살하려는 바보들에게,토끼왕,2021.08.27,8950,185,4
783,리플,9월이다가오는데 리플가격은?,범죄자박호두,2021.08.27,1791,0,0
782,폰카갤러리,스무살 여대생이 알려주는 스섹,폭군문재앙,2021.08.27,10431,7,0
781,자유게시판,바프 또 도둑상장ㅋㅋㅋ,백의의천상,2021.08.27,3492,1,0
780,코인뉴스,"정부, 특금법 대비 FIU 확충, 8월 27일 코인판뉴...",코인판뉴스,2021.08.27,44385,20,0
779,자유게시판,매수중독 무섭지않냐,alane,2021.08.27,7673,1,0
778,자유게시판,비트 빠질때 잡기 좋은 디파이 종목들,안쓰럽다,2021.08.27,2752,3,0
777,손익인증 게..,형들 오미세고 꽉물렸는데.. 언제쯤물타야될까?ㅜㅜ,레브신,2021.08.27,1711,0,0
776,코인정보,"페이스북, 올해 안에 암호화폐 월렛 '노비&#...",양손,2021.08.27,3705,4,0
775,코인정보,(오피셜) 보이스 9월 1일 베타 시작,율호,2021.08.27,1981,2,0
774,코인정보,Ada,졸업언제하뉘,2021.08.27,3642,3,1
773,자유게시판,바프방 강퇴 당했다ㅋㅋㅋㅋ,나가리v,2021.08.27,2493,1,0
772,자유게시판,시발 악재뜸,맥심민희엄,2021.08.27,3442,0,5
771,코인정보,쿠바~비트코인 도입!!9월1일 돌아온다ㅎ,소나무79,2021.08.27,4870,6,0
770,자유게시판,속보 호재 떳따 !!!!,Jindo(송충이),2021.08.27,3311,1,1
769,자유게시판,리딩 받는중인데,이더리움클태식,2021.08.27,1585,0,0
768,에이다,카르다노 에이다(ADA) 20달러 간다? 현실적 전망 ...,생명불꽃,2021.08.27,3364,1,0
767,손익인증 게..,언제쯤 빛을볼까.. 형들 의견을 듣고싶어요,코린이탈출하고싶다,2021.08.27,5594,0,0
766,자유게시판,사기판이 된 이유,오늘은네가수고했어,2021.08.27,1817,1,0
765,자유게시판,엄청난걸 봐버렸다.... 코인의 미래.,빌딩오너,2021.08.27,4295,0,5
764,자유게시판,리플 2억 매수 한사람 입니다 바프 어때요?,리플2억매수,2021.08.27,1653,0,0
763,자유게시판,업비트 요새 게을러진건 사실임,일방통행거리,2021.08.27,2397,0,0
762,손익인증 게..,형들 상폐빔 나올까?,정보좀얻자,2021.08.27,4328,0,0
761,자유게시판,(강력경고)거래소마다 비트 물량 대규모 유입,2018어게인,2021.08.27,3394,0,1
760,자유게시판,주둥아리 입매매의 향연,ScalpingKIM,2021.08.27,1886,31,4
759,손익인증 게..,형들 나 어떡해야되.....,몰랑아빠,2021.08.27,3353,1,0
758,자유갤러리,얼굴,니가모아사토시,2021.08.27,7588,4,0
757,코인정보,분석) 하이브달러 스팀달러,코인분석가s,2021.08.27,1601,2,1
756,유머/감동,일본의 도장 사랑,뿌링클치킨,2021.08.27,2469,3,0
755,연예인갤러리,유튜버,니가모아사토시,2021.08.27,9634,2,0
754,자유갤러리,여자 목수,니가모아사토시,2021.08.27,8521,3,0
753,스텔라루멘,스텔라 튜자자 필독,존버=한강,2021.08.27,1569,6,0
752,자유게시판,업빗이 바프 원상 안하는 이유,일인칭단수,2021.08.27,3222,0,1
751,자유게시판,살고싶은 마음이 없어진다,헤데150원,2021.08.27,3724,0,3
750,자유게시판,언니 오늘 수익,쪼꼬미언니,2021.08.27,4419,0,3
749,자유게시판,주말 이즈 커밍,병신보면댓글담,2021.08.27,5002,0,0
748,자유게시판,비오길래 주웠다,천국마왕,2021.08.27,9034,24,0
747,자유게시판,"31살, 부모님한테 일나간다 하고 가평 왔다..",박상기대통령,2021.08.27,4296,0,3
746,자유게시판,혹시 9시 경주마로 매일 수익내는사람있음?,응애응응애,2021.08.27,2771,0,0
745,자유게시판,300피트 네트워크 텔레그램 공지.. 과연..주작?,케이s,2021.08.27,1695,0,0
744,자유게시판,(속보) 요즘 20대여성이 받고싶은 선물.jyp,박상기대통령,2021.08.27,4319,0,6
743,자유게시판,(속보) 선릉역 사고현장.jpg,박상기대통령,2021.08.27,5876,0,1
742,자유게시판,내가 내려간다 했제?,김알트,2021.08.27,2525,1,0
741,코인정보,엔진  shopping.io 추가,만수르봉,2021.08.27,2310,1,0
740,자유게시판,단속 조심하자,우무까사리,2021.08.27,3166,0,1
739,자유게시판,ㅋㅋㅋㅋ이거 물린애들 몇년?,용돈벌이나하쟈,2021.08.27,4199,1,1
738,자유게시판,차트충의 9시 경주마 pick,흥칫푸르,2021.08.27,2731,1,1
737,자유게시판,몇시간 전에 인생포기한다고 했던 사람이다,천국마왕,2021.08.27,19299,45,6
736,자유게시판,"청와대 ""한국 집값 상승률 5.4%에 불과.. 국...",박상기대통령,2021.08.27,3238,4,3
735,자유게시판,지금 반등하는거 찐반아니니깐 조심해야된다 형들,역대급부랄,2021.08.27,6082,0,3
734,자유게시판,오늘 무적권이다 믿고 사라,실패는성공이랑관련없다,2021.08.27,2341,0,0
733,자유게시판,48살 미혼 노총각 아침 조지는중,박상기대통령,2021.08.27,3198,1,2
732,자유게시판,루프링 발표,해물소고기,2021.08.27,2124,0,1
731,유머/감동,수질 부적합 생수 리스트..,❗❓,2021.08.27,3687,11,1
730,유머/감동,15년간 무명이었던 배우의 수상소감,❗❓,2021.08.27,2578,7,0
729,자유게시판,루프링이나 바프나 하루에10%씩 여러번 오르내리는데,Whale1,2021.08.27,1506,0,0
728,자유게시판,형들 코린이인데 요즘 하락장타서 물탈까 생각중...,NiceguyJay,2021.08.27,1888,0,0
727,코인정보,잭슨홀 시간,데쓰페라독,2021.08.27,21245,14,1
726,자유게시판,"대장반등이라는 전제, 현상황최적의 원화코인",조말론머스크,2021.08.27,2273,0,6
725,자유게시판,펀디 0.52추천 35배 먹고 다음 10배 이상 비트코...,꼬부깃,2021.08.27,6815,1,4
724,자유게시판,저.. 전재산 끌여다가 매수했는데...,원금2천현시드920,2021.08.27,2832,0,0
723,자유게시판,비캐똥 가두리펌핑 기대치때문에 안내리는거야?,김수랑이,2021.08.27,10076,1,0
722,자유게시판,도대체 리브랜딩이 왜 호재일까?,DED,2021.08.27,9985,0,0
721,자유게시판,루프링 좀 많이 애매해졌음.(NFT/게임스탑),톤톤하다,2021.08.27,1578,0,0
720,폰카갤러리,내 이상형,-8천나이가깡패당,2021.08.27,7226,2,0
719,자유게시판,왜 진작 선물을 안했을까,쿠치비루,2021.08.27,1655,2,2
718,자유게시판,진짜 신기한게 악재 하나 안나오는 게 신기함,bravekenzo,2021.08.27,2060,0,0
717,자유게시판,삼천만원만 태워놓고 잔다,화으성갈끄으니카으엌,2021.08.27,2545,0,0
716,자유게시판,하 망했네요,천국마왕,2021.08.27,5171,12,1
715,자유게시판,뼈 깎아야 하는 이유,adsgaw,2021.08.27,3928,0,0
714,자유게시판,왜들쫄고그러지? 정답은거의정해져있는데,누이콩,2021.08.27,2662,1,0
713,자유게시판,김여정이 이래이뿌냐,오늘은네가수고했어,2021.08.27,4293,0,2
712,자유게시판,여자 아이돌이 흔히 받는 DM들.jpg,adsgaw,2021.08.27,2118,0,0
711,자유게시판,"개인회생, 신용회복 하려는 친구들에게",코울증말기,2021.08.27,2005,13,1
710,자유게시판,전업트레이너의 여친과의 야식 맛시쪙,한강뷰부자,2021.08.27,4137,4,1
709,자유게시판,죽고싶다 진짜...,원금2천현시드920,2021.08.27,3351,1,1
708,자유게시판,코인판 하면서 느낀점 몇개,코스모스아톰,2021.08.27,2853,1,0
707,자유게시판,형들 전세 vs 월세 추천좀,워너씨,2021.08.27,2625,2,0
706,이오스,"4조는 먹튀하고, 개발비를 또 유증해??ㅋㅋㅋ",V강호의*도리V,2021.08.27,1788,7,0
705,자유게시판,워뇨띠 2천500억이면 대한민국 0.% 안에드냐?,옵티머스프라임,2021.08.27,1589,1,0
704,자유게시판,1000%달성 ㅠ,호머심슨,2021.08.27,3347,1,0
703,자유게시판,역사는 반복된다. 비트코인(BTC)이라면 더욱 더,Terry83,2021.08.27,1817,2,0
702,자유게시판,워뇨띠 바낸에서만 하루평균 20억씩버네ㅋㅋㅋ,비또고니,2021.08.27,2325,1,0
701,자유게시판,관리자에 의해 차단된 글입니다.,벤틀릐,2021.08.27,1961,1,2
700,자유게시판,메이저 코인 중에 가장 쓰레기 코인,코인판놀이터,2021.08.27,1614,0,0
699,리플,캐나다에서 리플코인 상폐 했다네요,범죄자박호두,2021.08.27,3362,0,0
698,자유게시판,업비트 하나만 남으면 다팔고 빤스런해라,진성숏쟁이,2021.08.27,2375,0,1
697,자유게시판,이새끼가뭔데?,바다우유,2021.08.27,2710,0,0
696,자유게시판,비캐똥 답있냐..?,김클릭,2021.08.27,1632,0,0
695,자유게시판,부칸과 전쟁이 나면,오늘은네가수고했어,2021.08.27,1786,0,0
694,자유게시판,카불 공항 공격당했네 ㄷㄷ,Trist,2021.08.27,2521,1,1
693,코인정보,리플사 미발표 고객 공개,코링코인,2021.08.27,8857,5,1
692,자유게시판,진지하게 비캐똥 어캐해야되 숨쉬기도 힘들다,asdninwadimawd,2021.08.27,2418,0,0
691,자유게시판,근데 나스닥 차트 이게 말이되는 차트임?,석우는개새끼,2021.08.27,2356,0,0
690,자유게시판,비트 = 테러자금 찌라시 들린다... 기도해라..,박사리딩방,2021.08.27,1803,0,3
689,자유게시판,조언 구합니다,보보상차,2021.08.27,7605,0,1
688,유머/감동,여성가산점에 화난 아재의 일침,로보로,2021.08.27,2625,6,0
687,자유게시판,아프간 난민 받아야지,오늘은네가수고했어,2021.08.26,2912,0,0
686,자유게시판,상상도 못할 불장온다,동글이똥,2021.08.26,2939,1,1
685,자유게시판,다시 현물 빨간불 켜졌땅,kkddaass,2021.08.26,2222,0,0
684,자유게시판,이제 3개만 딱 산다,에브리pd야,2021.08.26,2674,0,0
683,자유게시판,속보) 아프간카불공항에서 대규모폭발테러,진성숏쟁이,2021.08.26,2391,2,0
682,손익인증 게..,헐 바넨월수익순위 17등이네..잔고.43억,일만프로,2021.08.26,4744,5,3
681,자유게시판,업비트 감사합니다..뱅코르 감사합니다..,WhateverItTakes,2021.08.26,2672,3,0
680,자유게시판,진정한 코린이들은 반등오고 상승장에 뭘사야할지...,괴유,2021.08.26,1550,3,0
679,자유게시판,어제 오늘 하락장 관점 공유,소소하게즐겨본다,2021.08.26,1563,8,0
678,손익인증 게..,진짜 좆같아서 못해먹겠다. 존나 빡치네,요히이,2021.08.26,3262,0,0
677,자유게시판,관리자에 의해 차단된 글입니다.,adsgaw,2021.08.26,2752,0,5
676,자유게시판,선릉역 오토사이 사망사고 봤냐?? ㄷㄷㄷ,추천하면돈방석,2021.08.26,2633,1,0
675,리플,졸업하고도 훨씬더 벌었으니 쌍방으로 먹는법 알...,레레,2021.08.26,1541,0,2
674,자유게시판,코린이 비캐질문..(조공),오탄죠비,2021.08.26,2536,1,0
673,자유게시판,(필독)내가 비트코인 10만달러간다고 외치는 이유,비트코인10만달러는숙명,2021.08.26,4273,20,1
672,자유게시판,진짜로 400만원으로 비트사졌어요!  대박,한강뷰부자,2021.08.26,3405,2,1
671,자유게시판,루프링 예상가격,바프는신이고난300억,2021.08.26,1634,0,0
670,자유게시판,아몰랑 무지성 풀매수하고 자로 간다,로다주,2021.08.26,2384,0,0
669,자유게시판,와 워뇨띠 포함 3대장들 귀신같이 포지션 바꿨네,대리용용,2021.08.26,2673,0,0
668,자유게시판,너네들이 왜 바보인지 알기쉽게설명해줄게,조말론머스크,2021.08.26,5736,8,21
667,자유게시판,바프가 근시일 내에 투더문 힐거같은 이유,흥칫푸르,2021.08.26,6971,27,2
666,자유게시판,애들아 비트 일봉을 봐라,심리매수권법,2021.08.26,2855,0,0
665,자유게시판,현재 업비트 포지션,아모레스,2021.08.26,2723,1,0
664,코인정보,외신 ''GBTC 락업해제 BTC 급락우려 FU...,4세대솔라나2025년$5.000,2021.08.26,8088,2,0
663,차트분석,4시간 봉 100 선에서 춤을,쿨라타,2021.08.26,10076,21,2
662,자유게시판,유튜버 색이들이 제일 나쁘다,척사광,2021.08.26,3013,6,0
661,자유게시판,바프 텔방 최규형씨 급발진ㅋㅋㅋㅋㅋ,환장수,2021.08.26,2379,1,0
660,자유게시판,루프링 트윗,조말론머스크,2021.08.26,2005,0,3
659,코인정보,"어제 거래소의 비트코인 순유출은 27,300 BTC .. ...",양손,2021.08.26,10700,2,0
658,손익인증 게..,-70% 입니다. 다들 조심하세요.,폰지사기X,2021.08.26,6734,0,10
657,자유게시판,바프 패닉셀 왔다 다들,비엔컴퍼니,2021.08.26,3278,1,1
656,리플,리플 도미넌스 빨리기 시작했습니다.,레레,2021.08.26,2039,2,7
655,코인정보,코인거래소 24곳 폐쇄 확실,코인이뭐얌,2021.08.26,9702,6,0
654,자유게시판,관리자에 의해 차단된 글입니다.,s해피코m,2021.08.26,1804,1,1
653,손익인증 게..,형들 나 진짜 금붕어 인가?,난딴다리,2021.08.26,3047,0,0
652,자유게시판,여친 거기에 하얀 여드름은 뭐니?,일런머스크,2021.08.26,2383,0,0
651,자유게시판,1조 세력의 의도,코린이의행방불명,2021.08.26,33116,155,2
650,자유게시판,착한 선동 하나 해본다. 다들 참고하길 바란다.,s해피코m,2021.08.26,2743,2,0
649,손익인증 게..,현재 수익율,뿌잉뿌잉,2021.08.26,2586,0,0
648,자유게시판,관리자에 의해 차단된 글입니다.,박상기대통령,2021.08.26,1641,0,6
647,자유게시판,비트코인 힌트준다,ada가즈아~,2021.08.26,2187,2,1
646,자유게시판,뱅갈v루프vs바프vs비캐똥,한국천사,2021.08.26,2226,0,0
645,자유게시판,루프링 EDCON 컨퍼런스 분석해준다. 이거보고 판단해,묻고더블루가,2021.08.26,1553,0,1
644,도지코인,하 개 쫄린다  너무비쌀때 들어갔나ᆢ,삽살개코인,2021.08.26,1547,0,0
643,손익인증 게..,코린이 구제 방법좀..,댄핸더슨,2021.08.26,3764,2,0
642,자유게시판,준석이도 속았다. ㅋㅋ,새로운시대,2021.08.26,2074,1,2
641,코인정보,최소 10배 가는 코인2,정인선,2021.08.26,10240,3,8
640,자유게시판,흙수저...이세상을 끝내고 싳네요...마지막 보증...,개소리매니아,2021.08.26,1527,0,3
639,이오스,게시판에 어수선하여 글 하나 적어봅니다,밥익힘이,2021.08.26,1986,5,5
638,자유게시판,형들 유의종목 후비오 62종 유의지정 거래종료 예정,무무,2021.08.26,2853,1,0
637,자유게시판,뉴스봣냐 게이들아,백수노처녀,2021.08.26,2994,0,1
636,자유게시판,루프링 호재 팩트,Dogelover,2021.08.26,2094,1,0
635,손익인증 게..,4개월만에 복구했다.,꽃령,2021.08.26,5277,4,0
634,자유게시판,GV60 찐 실사사진,❗❓,2021.08.26,2799,1,0
633,자유게시판,(속보) 이오스 홀더들 대박! 희소식!!,박상기대통령,2021.08.26,1783,1,0
632,자유게시판,진짜 내말 믿어라 다같이 돈벌자 형들,이덜이쿨루,2021.08.26,2152,0,1
631,자유게시판,금리 결국 올렸네 ㅋㅋㅋ,코스모스아톰,2021.08.26,2858,0,0
630,자유게시판,업비트 직원들 싱글벙글ㅋㅋ,숏은낭만이다,2021.08.26,3339,0,0
629,자유게시판,ㅇㅇ) 잭슨홀 내용 요약,2022년,2021.08.26,2911,0,0
628,유머/감동,남자가 갑자기 차를 세운 이유.jyp,코스모스아톰,2021.08.26,2519,5,0
627,자유게시판,루프링관련 선동,조말론머스크,2021.08.26,1842,1,0
626,자유게시판,주기영이 알트장온다는데,어릴적모아놓은돈다잃었소,2021.08.26,2062,0,0
625,손익인증 게..,뒤질뻔했다진짜,여렁,2021.08.26,3485,0,0
624,코인정보,next 엑시를 미리 찾는 개미가 될 수 있을까,코잉뿌잉,2021.08.26,14029,28,3
623,코인정보,EOS 공시,poohty,2021.08.26,5899,2,1
622,자유게시판,업빗 오늘 지갑점검 하는거 1개 찾았다,바프만원,2021.08.26,2333,0,3
621,코인정보,후오비 투자유의종목 44종,여윽심,2021.08.26,4937,2,0
620,손익인증 게..,ㅁㅌㅊ냐?,천재일우의기회를찾아서,2021.08.26,2139,0,1
619,자유게시판,팁) 바프 동지들이여 거래량 업빗-빗썸에게 뺏겼어,뭔개소리야,2021.08.26,1798,8,0
618,자유게시판,다 끝났어.... 끝났어... 하 시발.. 진짜...,코린이임,2021.08.26,3204,5,0
617,자유게시판,야들아  긴급공지,유나이티드스테이츠오브어우메리카,2021.08.26,2047,10,1
616,자유게시판,서울대 친구한테 코인물어봄,백마부대,2021.08.26,3127,1,3
615,코인정보,모건스탠리도 비트코인 샀다,asd111,2021.08.26,4188,3,0
614,손익인증 게..,25 개백수 하루만에 -30%,박종팔,2021.08.26,3750,0,0
613,자유게시판,비캐똥 대량매수신호 계속울리네,제닉스브이앞,2021.08.26,3227,4,0
612,손익인증 게..,아니 ㅋㅋㅋ 5000원 먹자고 한 일을 이렇게되네,Realw,2021.08.26,3377,0,0
611,자유게시판,BJ들 수익 미친거아니냐고... 인방원래이럼?,나사빠진,2021.08.26,3487,0,0
610,자유게시판,여자친구 샌드박스 2달 존버끝에,대구홍어,2021.08.26,2285,0,0
609,선물/마진 게..,오늘이 살면서 가장 힘든 순간인 거 같습니다.,황금두루미,2021.08.26,2084,24,0
608,자유게시판,오늘 루프링 게임스탑발표 찌라시,꧁⍤⃝꧂⎛'͡•___'͡•⎞꧁⍤⃝꧂,2021.08.26,1627,0,0
607,자유게시판,나는 진짜 투자 못하나봐,이오스평단14280,2021.08.26,2779,0,0
606,자유게시판,실시간 내계좌.... 자살 씨게 마렵다. ㅠㅠ,스쳐두여보,2021.08.26,4033,2,3
605,손익인증 게..,형들 나 어떡해요 진짜... 하... 진짜 힘들다,천재일우의기회를찾아서,2021.08.26,5392,0,11
604,자유게시판,얘들아 속보다!!!,이율동,2021.08.26,3596,0,0
603,코인정보,비트코인 1조 거래소로 입금,asd111,2021.08.26,8743,4,0
602,자유게시판,코인 접고 현생 살아야겠다,나도좀먹즈아,2021.08.26,2844,1,0
601,자유게시판,ㅅㅂ 테러당했다. 아...ㅅㅂ,새로운시대,2021.08.26,3228,0,0
600,자유게시판,선릉역 배달기사 사망,상동역,2021.08.26,3617,0,0
599,자유게시판,아시발 선릉역 딸배사고 영상 보고 말았음,로켓판치,2021.08.26,4009,0,2
598,손익인증 게..,일단 버티고잇는중이네요,체탐인,2021.08.26,3961,1,0
597,자유게시판,5억 복구 프로젝트 - 거의 다왔습니다.. 기적..,나는야단타왕,2021.08.26,1528,2,1
596,손익인증 게..,"2주전 샌드박스 물려서,,",⭐8탄약창⭐,2021.08.26,2419,0,0
595,자유게시판,(바프) 선동은 아니고 현상을 보라는 의미에서 한...,코아톰,2021.08.26,3225,26,1
594,자유게시판,(속보) 실시간 선릉역 딸배 사망사고 발생,로켓판치,2021.08.26,3565,0,1
593,자유게시판,죽고싶다. 실시간 폭락하고있는 내계좌ㅠㅠ .jpg,스쳐두여보,2021.08.26,3723,0,2
592,폰카갤러리,쳐진....,니가모아사토시,2021.08.26,9702,6,0
591,자유게시판,아나 업비트 공지만보고 ㅅㅂ,리센지,2021.08.26,10908,26,0
590,자유게시판,와 업비트 공지 ㄷㄷㄷㄷㄷㄷㄷㄷ,구로X지털×지,2021.08.26,4485,0,0
589,코인뉴스,"거래소 24곳 줄폐업 코앞, 8월 26일 코인판뉴스 요약",코인판뉴스,2021.08.26,49516,22,1
588,손익인증 게..,알파쿼크 최고예요!!~,코린이!!,2021.08.26,3586,1,0
587,코인정보,'비트코인 그 어떤 것과도 비교 불과' ...,godism,2021.08.26,7860,3,2
586,자유게시판,시드80억찍고 포르쉐출고했다,펌핑명가❤️,2021.08.26,2700,3,7
585,자유게시판,[바프 27만개] 더 샀 다,b31n6,2021.08.26,2237,0,0
584,자유게시판,얼마전에 올렸다가 짤린 다리 갈린 광주오토바이 ...,로켓판치,2021.08.26,2311,1,0
583,이오스,이오스 커뮤니티가 재단을 만든 이유,젖들어출렁이면쏜다,2021.08.26,2020,6,3
582,리플,법보다 강한 SEC 게리겐슬러 트윗,蟲Factory,2021.08.26,2765,1,8
581,바이프로스트,나 탈출할수있어..? 나 이혼각이야,가즈아피자,2021.08.26,2828,2,0
580,폰카갤러리,운동하는 조현씨,리또속으엌,2021.08.26,8600,7,0
579,자유게시판,차트 볼줄 모르는 초보들만 팁,상기♥성수,2021.08.26,3063,0,2
578,자유게시판,뱅코르 지갑이슈,༼ʘ̅͜ʘ̅༽'☂,2021.08.26,2457,0,0
577,코인정보,"한국은행, 추가 금리 인상 시사",한소희,2021.08.26,5941,2,0
576,코인정보,28일 잭슨홀 미팅 관련보도,웨이브전문가,2021.08.26,6569,2,0
575,코인정보,BTC 횡보후 4Q 상승 랠리 전망,너의여음,2021.08.26,4211,4,0
574,코인정보,긴말안함 필독,라니아케아,2021.08.26,5383,4,4
573,자유게시판,NFT 더 주워볼꺼있나,NFT는신이고나는무적이야,2021.08.26,1632,2,0
572,자유게시판,다음 중 가장 븅신 코인을 고르시오,냄비속개구리,2021.08.26,1533,0,0
571,손익인증 게..,우와무슨 다들 몇억씩 있냐?,에브리pd야,2021.08.26,8598,0,0
570,자유게시판,금리인상 속보 개꿀,taro7,2021.08.26,2439,6,0
569,자유게시판,23살 신용등급,백마부대,2021.08.26,1726,0,0
568,자유게시판,19금 백마 상의탈의 하고 클럽서 춤추는 짤,유나이티드스테이츠오브어우메리카,2021.08.26,2013,2,1
567,자유게시판,루프링 추리 해본다,아이젝젝젝,2021.08.26,3145,12,0
566,바이프로스트,바프오르길 기대하는 바프홀더들에게,신라면건면,2021.08.26,1725,0,0
565,자유게시판,여초에서 논란중인 ㅅㅅ리스 부부.jpg,adsgaw,2021.08.26,1705,0,0
564,자유게시판,엄청난 폭락이  올겨,척사광,2021.08.26,1646,4,0
563,에이다,에이다 짠투(?) 손 털은 후기,푸송,2021.08.26,2576,3,5
562,손익인증 게..,8월 70만원 시작 -> 100만원달성,L(류자키),2021.08.26,5384,7,0
561,자유게시판,신용대출 2억3천 받은걸로 불나방짓하다가,바프메트,2021.08.26,2934,0,0
560,자유게시판,오늘 9시장 스캘핑 결과 (스토리지),료호호호,2021.08.26,16653,24,6
559,자유게시판,코린이 국민시드 달성,코인만믿자,2021.08.26,1672,6,1
558,자유게시판,1000 잃고 코인 접겠습니다,가락동킹크랩,2021.08.26,5632,27,1
557,코인정보,8.2억 달러 규모 이더리움 옵션 8/27 만기,한소희,2021.08.26,4651,0,0
556,손익인증 게..,수면매매 숏 익절,굿모닝하와유,2021.08.26,2013,1,0
555,코인정보,"국민의힘, ""거래소 신고기한 늦춰야""",한소희,2021.08.26,10311,32,1
554,코인정보,거래소가 악질인 이유,희망전도사,2021.08.26,5374,23,1
553,리플,[긴급속보] 리플 2300%상승 랠리 예상,btcmarket,2021.08.26,4450,2,1
552,손익인증 게..,메디 수익,코인초보빠,2021.08.26,2880,0,0
551,자유게시판,오랜만이야 형들 추천종목얘기해줄게.,NOpainNOrich,2021.08.26,2039,1,0
550,자유게시판,230억 번 치과의사님의 느낀점,구로X지털×지,2021.08.26,3845,3,0
549,리플,심슨 예언 해석 ~ 지루한 횡보 리플 재미삼아 보삼,검단따귀,2021.08.26,2237,2,1
548,자유게시판,바프는 이래서 못오르지,시비충,2021.08.26,1986,1,0
547,자유게시판,갠적으루 오늘 담을만한,불장으로고,2021.08.26,2960,0,0
546,자유게시판,머스크트윗,웅장이,2021.08.26,3571,0,0
545,자유게시판,안녕하세요 BTC마켓 시체조사반 입니다.,한국천사,2021.08.26,3454,0,0
544,자유게시판,횽은 어제 갈챠줬자네,유나이티드스테이츠오브어우메리카,2021.08.26,1536,2,1
543,자유게시판,(속보) 43살 노처녀 모닝 혼술 조진다.jyp,박상기대통령,2021.08.26,3671,3,4
542,자유게시판,요즘 이런사람들 왤케 많냐,ㅈㅈ시드,2021.08.26,3047,0,0
541,자유게시판,수면 매수 결과다...,최형배,2021.08.26,3639,0,0
540,자유게시판,이제는 진짜 튀어야할때,댕대대대대댕,2021.08.26,3041,1,1
539,자유게시판,솔라나 정말 너무 달다,lee.s.j,2021.08.26,2092,0,0
538,코인정보,급등하는 우량코인은 단서가 있지 않을까.,코잉뿌잉,2021.08.26,19246,34,2
537,손익인증 게..,1억6천만원이 1400원 남은... -99.9999 손실률....,100억당첨되다,2021.08.26,50729,84,2
536,자유게시판,비캐똥 펌핑은 리브랜딩 공지 후 / 리브랜딩 후 ...,프릭스맨,2021.08.26,2900,1,0
535,자유게시판,루프링 지갑닫혔다,고액딜러사,2021.08.26,3590,0,0
534,자유게시판,시드500~1000으로 돈 좀 불린 형들 꿀팁좀 있어???,부자쌉가능,2021.08.26,1557,0,0
533,자유게시판,9월 호재 일정,핸엄,2021.08.26,27425,51,0
532,자유게시판,6억8천 매수 죽어보자,트럼프각하,2021.08.26,1793,0,0
531,자유게시판,이정도면 아이돌로 따져도 현역 중엔 두명밖에 없...,정인선,2021.08.26,3734,0,0
530,자유게시판,페이코인 500% 상승신화...,천사천사,2021.08.26,3145,0,0
529,자유게시판,ㅋㅋㅋㅋ 오늘나온 코로나코인   뭐고,17MMHeN1BdTWZvx2an,2021.08.26,1774,0,0
528,손익인증 게..,오랜만에 비트 1400개 물량 넣었네요. 저보다 야...,whale..,2021.08.26,8102,1,1
527,자유게시판,뱅코르 어떡해?,whdrjdl,2021.08.26,2070,1,0
526,자유게시판,이분 25살이고 bar 사장님이라고 하시네,정인선,2021.08.26,3639,0,5
525,자유게시판,플로우 갈때됬다.,내가박상기올시다~!,2021.08.26,1998,5,0
524,바이프로스트,바이프로스트팀 바이파이 타야하는 이유,바자다나타다,2021.08.26,2378,4,0
523,자유게시판,바이프로스트팀 바이파이 타야하는 이유,바자다나타다,2021.08.26,2956,0,1
522,자유게시판,뱅코르 다 털엇나?,Magma,2021.08.26,6443,0,0
521,자유게시판,요즘 유튜브에서 제일 이쁜 여자,정인선,2021.08.26,2397,0,1
520,리플,"리플 차트 알려줄께,,1-2주까지는 버텨봐라, 컵핸...",BTC44444,2021.08.26,2647,0,0
519,자유게시판,코인으로 번돈 요즘 유흥으로 다 꼬라박는중..,Teenager,2021.08.26,1734,0,0
518,자유게시판,저녁에 손절친 흐구 음제???,제가월드클래스입니다,2021.08.26,3019,3,0
517,자유게시판,"올바른 디지털 자산투자 (손절왕, 손실왕, 물림왕...",ScalpingKIM,2021.08.25,1547,18,2
516,선물/마진 게..,ㅋㅋ 달달하제?,송해손잡고~,2021.08.25,1502,11,0
515,자유게시판,상속 말고 돈 최대치 불려본게 어느정도?,코스모스아톰,2021.08.25,3749,0,0
514,자유게시판,원금 1억손실 죽고싶다 처음으로 28살 난왜이렇게...,indigo777,2021.08.25,3526,6,0
513,자유게시판,나무를 보지 말고 숲을보자(비행사),픽비행사,2021.08.25,2520,8,0
512,자유게시판,8월25일 이후 코인일정 수정본,레오넬몇시,2021.08.25,2516,41,0
511,자유게시판,좆됐다 대형악재 떳다,나팔왕자지,2021.08.25,1590,0,0
510,자유게시판,루프링 옵저버 지갑닫힘 곧,코린이의행방불명,2021.08.25,1774,0,2
509,자유게시판,손절하려구요,후니입니다1,2021.08.25,2492,0,0
508,자유게시판,샌박 개쩌는데?,부릉부릉열차가출발합니다,2021.08.25,2544,0,0
507,자유게시판,비캐똥 내일 업비트 리브랜딩 공지,4세대솔라나2025년$5.000,2021.08.25,1936,2,1
506,자유게시판,샌드박스 이거 무슨 호재임?,구로X지털×지,2021.08.25,3396,0,0
505,손익인증 게..,왁스코인..,체탐인,2021.08.25,4630,1,0
504,자유게시판,형이 40억쯤 찍고 부랄친구들 앞에서 한 말이 있어,정인선,2021.08.25,2302,0,1
503,자유게시판,개씹습캠 ㅈ비트 꾸역꾸역 오르는게 심상치않다,미녀제시,2021.08.25,4120,4,0
502,자유게시판,딸래미 목욕시키고 재우고 설거지하고 집 청소하고,돌아온홀리,2021.08.25,2945,2,1
501,자유게시판,지금 들어가면 무조건 돈버는 종목 알려줄게,취준생2,2021.08.25,2785,0,1
500,자유게시판,언니 오늘 손익,쪼꼬미언니,2021.08.25,3096,1,10
499,자유게시판,워뇨띠 포지션 바꿨네 ㅋㅋㅋㅋㅋ,코인으로1억만들기프로젝트,2021.08.25,3716,0,0
498,에이다,에이다 330억개 물량,두껍스,2021.08.25,3668,2,18
497,자유게시판,너무 성급하게 탔나..,kkddaass,2021.08.25,1933,0,0
496,코인정보,SGB FLR 배포 임박 (XRP관련),코링코인,2021.08.25,2566,2,3
495,코인정보,비트방향성 시나리오,ETH_USD,2021.08.25,5311,3,0
494,자유게시판,패닉셀했더니 다시오르네요... 씨발진짜ㅜ,유리짱,2021.08.25,1967,0,0
493,코인정보,여야 모두 가상자산 제도권 편입  규제엔 고강도 ...,나르우시스,2021.08.25,2278,2,0
492,손익인증 게..,형들.... 업비트는 내 알바비였고...,아나바다다,2021.08.25,4510,0,0
491,자유게시판,38살 노처녀 혼술조지는중.jpg,박상기대통령,2021.08.25,3367,0,1
490,자유게시판,꿀팁 시작한다. 뇌속에 때려 박아 넣어라. 1-3편,q바바바블,2021.08.25,2877,25,2
489,자유게시판,앞으로 무서운게 뭐냐면 몇일후 연설,업빗쓰렉,2021.08.25,2675,0,0
488,손익인증 게..,"형들 5월에 물려서 여지껏 이런데,,,포기해?",이자는뭘루갚나,2021.08.25,3342,0,0
487,자유게시판,이번주 주말 주요코인 가격예상,꾸얌,2021.08.25,3502,0,1
486,자유게시판,(속보)미혼 48살 전업트레이더 저녁먹는다.,박상기대통령,2021.08.25,1564,1,2
485,코인정보,"코인거래소 찾은 야당 ""줄폐업 막을 것""",나르우시스,2021.08.25,4842,16,0
484,자유게시판,하 오늘 손절 존나많이했네...,공매수,2021.08.25,1626,0,0
483,자유게시판,btc펌핑 다 맞춘 코인고수형왔다. 500퍼 마지막 ...,빨래감,2021.08.25,2478,2,1
482,자유게시판,매억남 최근 알트 산 듯,cryptoguru,2021.08.25,3497,1,0
481,자유게시판,시드300억 코인고수형왔다. 500퍼펌핑 마지막 선...,빨래감,2021.08.25,1506,0,2
480,자유게시판,"바프, 온버프, 포튜브,리니어,카르테시,루프링 먹...",빨래감,2021.08.25,2249,1,2
479,자유게시판,루프링 해외 코린이 반응 ㅋㅋㅋ,붕이붕이,2021.08.25,1706,0,0
478,코인정보,이오스 재단 설립 확정,율호,2021.08.25,9645,14,0
477,손익인증 게..,2년 방치한 계정 공개,DR.DAPP,2021.08.25,8585,2,0
476,폰카갤러리,펌,밤별빛,2021.08.25,9653,5,1
475,손익인증 게..,형들 ㄱㅊ을까?..,폴카닷만본다,2021.08.25,2601,0,0
474,자유게시판,언니 드디어 x됐어,쪼꼬미언니,2021.08.25,1740,2,5
473,손익인증 게..,속쓰립니다...,아나바다다,2021.08.25,3879,1,4
472,자유갤러리,이건 못참는다...,아나바다다,2021.08.25,5805,1,0
471,코인정보,비트코인 3만개 코인베이스 > 개인지갑으로 이동,10BTC,2021.08.25,9116,6,1
470,선물/마진 게..,다들 잘지내지~,송해손잡고~,2021.08.25,1860,17,2
469,손익인증 게..,비캐똥 고인물 걍 홀딩중,풍년제과,2021.08.25,4203,0,0
468,자유게시판,얘들아 비캐똥 물량 97퍼가 업비트야 ㅋㅋ,브아아아알,2021.08.25,2494,1,0
467,폰카갤러리,문좀 열어주세요,밤별빛,2021.08.25,6710,3,0
466,손익인증 게..,왁스,백향소다,2021.08.25,2746,0,0
465,자유게시판,BTC 크게먹을사람 픽준다,코린이의행방불명,2021.08.25,2008,0,0
464,코인정보,체인의 사용량 기준으로 코인 적정 가치를 보는 ...,몰빵존버만한다,2021.08.25,2781,5,0
463,코인정보,과거를 알아야 미래가 예측 가능하다. (EOS편),젖들어출렁이면쏜다,2021.08.25,15882,64,4
462,손익인증 게..,형들 희망있을까?,헤데150원,2021.08.25,2151,0,1
461,자유게시판,바프 호재떴다 시발ㅋㅋㅋㅋㅋ,공매수,2021.08.25,2485,0,0
460,자유게시판,바프에 대한 개인적인생각 5,토끼왕,2021.08.25,3155,10,6
459,코인정보,금일 난이도 조정 12~13% 상향조정 전망,10BTC,2021.08.25,2460,1,0
458,자유게시판,"""업비트가 바프 원상 시킬수 밖에 없는 이유...",스쳐두여보,2021.08.25,2405,1,1
457,손익인증 게..,김치코인 한달존버 현황(+짜투리 이클),BTTKING,2021.08.25,5129,2,1
456,자유게시판,나 여잔데 이런 치마 어때??,정인선,2021.08.25,5762,3,1
455,자유게시판,BTC마켓 존나웃긴게 ㅋㅋㅋㅋㅋㅋㅋㅋㅋㅋㅋㅋㅋ...,흑산도보랑이호지,2021.08.25,1670,2,0
454,자유게시판,현금의 반을 슨트와 칠리즈에 넣었다,병신보면댓글담,2021.08.25,4260,4,0
453,자유게시판,오늘부로 코인판 떠납니다.,코인판자퇴,2021.08.25,34602,147,3
452,자유게시판,"에이다, 알파쿼크 인데 손절하는게낫나요",오탄죠비,2021.08.25,1776,0,0
451,자유게시판,비트코인과 앞으로의 시장 방향?,여울님,2021.08.25,1905,26,1
450,코인정보,이젠 집도 암호화폐로 산다... 미국 2위 모기지업...,K_khan™,2021.08.25,14844,20,1
449,자유게시판,비캐똥 리브랜딩 공지뜨면 최소 얼마봄?,100억가뜨아,2021.08.25,4134,0,0
448,자유게시판,바프 트위터뜸 호재다 호재@!,작전코인,2021.08.25,1529,0,0
447,코인뉴스,특금법 통과 후 신규 투자자 안심하고 투자할 수...,코인판뉴스,2021.08.25,50525,25,0
446,리플,리멘들 진짜 불쌍함 이게 리플의 실체다,현실을보자,2021.08.25,2062,2,0
445,손익인증 게..,스와이프 눈물의 존버 3개월,우울하다우울해,2021.08.25,4659,4,0
444,비캐에이비씨,BHEX 이캐시 스왑 상장완료,연이의베팅,2021.08.25,3189,0,1
443,자유게시판,오빠가 대 예언 하나한다(전군필독),2018어게인,2021.08.25,3477,1,4
442,자유게시판,형들 이런여자 가능함?,코린이의행방불명,2021.08.25,2997,0,0
441,자유게시판,와  바프 미쳤네ㄷㄷ,붥뤍볽퓕뒰,2021.08.25,2292,0,0
440,코인정보,"미 하원, 인프라 법안 무수정 통과 암호화폐 과세...",양손,2021.08.25,2808,5,0
439,자유게시판,[긴급분석] 루프링  심층 분석,묻고더블루가,2021.08.25,1646,1,0
438,자유게시판,페이코인호재,먹쟝,2021.08.25,1844,0,0
437,자유게시판,야한짤보구가 3탄,코린이의행방불명,2021.08.25,3612,1,1
436,에이다,에이다 형님덜!,까치콩,2021.08.25,1816,0,0
435,자유게시판,왁스 바낸 상장!!,작전코인,2021.08.25,2509,0,0
434,자유게시판,(혐 주의) 어제 광주에서 발생한 바이크 사고,맥더멉,2021.08.25,4220,1,0
433,자유게시판,피임은 꼭해야 돼!,일루미나티있음ㅇㅇ,2021.08.25,3002,1,0
432,자유게시판,와 내 친구 에이다 30원에 산거 아직도 들고 있네,아이빌리브크립토,2021.08.25,2656,0,1
431,자유게시판,상폐공지 떴다. 튀어라.,풀매수때렸다,2021.08.25,4191,0,0
430,자유게시판,12시쯤 주워보려는데 추천받는다,지나가던놈,2021.08.25,3442,0,0
429,자유게시판,언니 진짜 죽을뻔했다 ㅜㅜ,쪼꼬미언니,2021.08.25,3074,1,13
428,자유게시판,바프랑 루나랑 다른 근본적인 차이점.,역사상최고점매수,2021.08.25,4096,15,0
427,코인정보,리플 SEC 전임원  리플은 증권  증언은 동문서답...,양손,2021.08.25,3913,3,0
426,코인정보,"고승범, ""가상자산, 금융자산 아니다""",한소희,2021.08.25,3305,2,1
425,자유게시판,호강하는 추성훈.GIF,루이비통,2021.08.25,3501,0,0
424,손익인증 게..,모든 btc종목 구매  (6일차),우주최고떡상,2021.08.25,4060,1,0
423,코인정보,다시 한번 새겨야 할 코인용어 정리,시골나라했제와그랬제,2021.08.25,2203,6,0
422,자유게시판,금일 9시 경주마 스캘핑 (1분만에 +35백만 수익),료호호호,2021.08.25,1547,2,0
421,손익인증 게..,8월 목표 달성했습니다!,주차왕김빡꾸,2021.08.25,2409,4,0
420,손익인증 게..,아침 소소하게 아르고 4700장 수익,브아아아알,2021.08.25,3427,1,0
419,자유게시판,"엠블이 업비트 ""최악의 김치코인""인 이...",행운만몰려와,2021.08.25,3171,2,0
418,자유게시판,아 쪽지 그만좀 보내세요!! 그냥 여기에 올릴게요!!,조커는조커서조커다,2021.08.25,2698,0,0
417,자유게시판,파워렛저 선동이라는 형들 보셈..,2001nell,2021.08.25,1668,2,0
416,손익인증 게..,[수익 기록] 8월 수익 7500만원,꿀단타,2021.08.25,5138,2,0
415,자유게시판,열화와같은 성원에 감사드립니다,조말론머스크,2021.08.25,1911,5,0
414,리플,리플 떨어진 이유,리플3만개,2021.08.25,2438,1,0
413,자유게시판,파워렛저 무지성으로 탄 애들은 봐봐,우쓱싹,2021.08.25,2739,0,0
412,자유게시판,너넨 뭐사놨냐,벗고엔딩,2021.08.25,4490,0,0
411,자유게시판,차트가 너무 이쁘게 모였다,지쟈스부따,2021.08.25,2752,0,0
410,자유게시판,던프 4시간 및 홀더들 흠 가긴 갈거 같은디 말이여..,ogu,2021.08.25,4054,0,0
409,자유게시판,약속한다. 도망안감,조말론머스크,2021.08.25,2820,0,0
408,자유게시판,파워렛저.  코베 상장 예상 이유.선동X,조말론머스크,2021.08.25,4255,2,0
407,자유게시판,ㅅㅂ 술마시다가 썅년들이 싸워서,간호사6년차,2021.08.25,4381,0,5
406,자유게시판,오늘 경주마,ptg122,2021.08.25,1940,0,0
405,자유게시판,파워렛저 순수 차트 관점,cryptoguru,2021.08.25,2749,6,0
404,자유게시판,속보,쌀쌀하누,2021.08.25,2308,0,4
403,자유게시판,형들 해외 거래소 상장 질문좀할게 고수형들,Ksnfhw,2021.08.25,2495,0,0
402,자유게시판,돈 못 버는 애들은 특징.,월미도개고기김,2021.08.25,2838,0,0
401,자유게시판,내말... 믿을사람만 믿어,돈많으면형님,2021.08.25,5647,3,1
400,자유게시판,관리자에 의해 차단된 글입니다.,조말론머스크,2021.08.25,2766,4,3
399,자유게시판,와 이오스 개떡상하노 ㄷㄷㄷ,박상기대통령,2021.08.25,2815,1,3
398,자유게시판,관리자에 의해 차단된 글입니다.,조말론머스크,2021.08.25,2662,4,9
397,자유게시판,내가 망상꾼이라고? 코베상장힌트2,조말론머스크,2021.08.25,2882,2,2
396,자유게시판,당일? 코베상장 힌트 나 풀어버린거같아.,조말론머스크,2021.08.25,3961,2,0
395,자유게시판,잭슨홀 회의에서 파월 의장이 중대 발표는 하지 ...,박애주의적자본가,2021.08.25,3842,1,0
394,자유게시판,1억정도 풀매수때릴만한거찾음,코박죽,2021.08.25,1785,0,0
393,자유게시판,에이다 일본거래소 상장 선반영 끝났다고봄?,구라파덕@[email protected],2021.08.25,4494,0,0
392,자유게시판,8월 11일 부터 열나게 달려왔다..,최형배,2021.08.25,2062,1,0
391,자유게시판,전재산 청산 당했다,코인인생줮망,2021.08.25,3407,1,0
390,자유게시판,코인판 고렙들은 존경해야한다,도지는맹견이였어,2021.08.25,1650,2,0
389,자유게시판,아직 안자고 있는 불나방 형들에게,아기두더지,2021.08.25,25852,0,0
388,손익인증 게..,다시 하락이네요~^^,코스모스아톰,2021.08.25,6669,0,0
387,자유게시판,내 느낌인데 뱅코르 자금 다 빠지면 BTC 대장인 ...,부자쌉가능,2021.08.25,1859,1,0
386,자유게시판,루프링 파트너쉽 어딘지 알제?,묻고더블루가,2021.08.25,2077,1,0
385,자유게시판,정보 ) 레이어-2 코인에 대해 간단하게 알아보자.,제이씨투,2021.08.25,3520,27,0
384,자유게시판,몇시간만에 시드 다날렷습니다,가주앙야,2021.08.25,1577,6,0
383,자유게시판,루프링 공식트위터 (NFT),톤톤하다,2021.08.25,2467,0,0
382,자유게시판,루프링 트윗,픽비행사,2021.08.25,1833,8,0
381,자유게시판,2.4억 풀매수 주웠다,신뢰도,2021.08.25,2615,0,0
380,손익인증 게..,현시각 수익 2억,유라c,2021.08.25,4008,0,0
379,에이다,에이다 3100에 매도 걸어놨는데 곧다가오네 ㄷㄷㄷ,꿈보단현실,2021.08.25,1947,0,0
378,자유게시판,---나도 경주마 예상해 본다.,천하제일단타대회-,2021.08.25,1538,0,0
377,자유게시판,눈치 있는 사람만 먹을수 있음 ㅇㅇ(비행사),픽비행사,2021.08.24,1531,1,0
376,자유게시판,한번만 말하고 간다,하잔,2021.08.24,1684,0,1
375,손익인증 게..,두카토 코인 손실인증,거품공장,2021.08.24,1590,0,0
374,코인정보,"머지포인트, '머지 코인' 발행해 부족...",PCPJ,2021.08.24,9653,2,0
373,손익인증 게..,이거 존버할까요?,리플백만원,2021.08.24,2342,0,0
372,자유게시판,조정줄때 담아 하반기 11월,4세대솔라나2025년$5.000,2021.08.24,1509,0,0
371,자유게시판,바프 -온체인 데이터 주소확인,구경꾼데헷,2021.08.24,1762,14,0
370,자유게시판,형들 하방 어디까지 봄??,크롬하츳,2021.08.24,3545,0,0
369,코인정보,관리자에 의해 차단된 글입니다.,정인선,2021.08.24,11930,2,17
368,자유게시판,하방 확정이다. 전군 튀어라 ㄷㄷㄷ,2018어게인,2021.08.24,3901,0,2
367,자유게시판,유튜버 매억남님 대단하네요 진짜,아이빌리브크립토,2021.08.24,3777,6,1
366,자유게시판,니들 진짜 조심해라. 조만간 큰거 터진다,2018어게인,2021.08.24,4342,0,0
365,손익인증 게..,아.. 왁스 이거,WhqTkf,2021.08.24,5351,1,0
364,자유게시판,내일 9시 경주마,Sex킹덤,2021.08.24,3732,1,0
363,자유게시판,(초긴급)5번 연속 1조원대 테더 발행,2018어게인,2021.08.24,3409,0,0
362,코인정보,"마이크로스트레티지, 1.77억달러 BTC추가매입, 평...",너의여음,2021.08.24,5994,10,1
361,자유게시판,하 친구놈이 절 고소한다네요..,아이빌리브크립토,2021.08.24,2871,0,4
360,자유게시판,4월이 고점이 아니라 9월이 고점이라고 본다,동아비타민c,2021.08.24,3348,0,0
359,자유게시판,매매의 신,ScalpingKIM,2021.08.24,4766,24,0
358,자유게시판,오늘 바프 빗썸에서 도둑 상장 한 이유,가주앙야,2021.08.24,2228,2,0
357,자유게시판,너무나도 쉬운장인데 너희가 돈 못버는 이유,코인BNF,2021.08.24,1521,3,3
356,자유게시판,비캐똥 자전돌리는거보니 존나게 쏠려나보다,1++말랑카우,2021.08.24,2869,0,0
355,자유게시판,바프vs루프링 누가 지폐 먼저 간다고 봄?,둠밥밥,2021.08.24,1879,0,0
354,자유게시판,던프 꼭대기에서 설거지당했다 ㅅㅂ,스피드왕번개,2021.08.24,1950,1,0
353,리플,근데 해외송금에 리플을 왜쓰냐?,리플3만개,2021.08.24,2180,2,3
352,손익인증 게..,어떡해야해 형들 ?? 온톨,국산미꾸라지,2021.08.24,5668,3,0
351,선물/마진 게..,약 5천만의 빚쟁이 그리고 회생,-8천나이가깡패당,2021.08.24,1719,21,0
350,자유게시판,좆됐다 진짜,소금코인,2021.08.24,2962,1,0
349,자유게시판,바프가 루나처럼 장기적으로 상승구도를 타려면,머글과노마지,2021.08.24,7202,18,0
348,자유게시판,[민ㅈ당] 가상자산에 20% 양도소득세 부과법안 나...,BTC빌려드립니다,2021.08.24,1550,0,0
347,손익인증 게..,큰 수익은 아니지만 저도.. 간만에 인증!,내이름은김탐욕손실이죠,2021.08.24,3130,1,0
346,자유게시판,칠리스 비트스탬프 상장시간 정리 내일저녁 5시,100억참치,2021.08.24,1892,0,0
345,이오스,지금이라도 현실을 직시하자. 이오스는 어느정도...,출금햄,2021.08.24,1964,0,2
344,자유게시판,지금 오미세고 보다 좋은 호재 있는거 있어 ?,흑우호구,2021.08.24,9506,1,0
343,코인정보,관리자에 의해 차단된 글입니다.,미안하고⠀고맙다,2021.08.24,4663,4,5
342,자유게시판,역대급 악재 떴다 ㅆㅂ,poina,2021.08.24,4532,0,0
341,폰카갤러리,섹녀,AQUAMAN,2021.08.24,12827,2,4
340,자유게시판,업비트 폐타이어 NFT 당첨,오늘수익3억,2021.08.24,2321,1,1
339,자유게시판,지금 내가 보고 있는 코인 공유(비행사),픽비행사,2021.08.24,3009,4,1
338,손익인증 게..,한달간 선물해서 740% 수익낸 상황,배낭여행00,2021.08.24,3538,0,0
337,폰카갤러리,눈돌아 가는 미시룩,코스모스아톰,2021.08.24,14634,22,0
336,자유게시판,(필독)지금 진짜 좆된 이유,비트코인10만달러는숙명,2021.08.24,3203,2,9
335,자유게시판,"오피셜) 바이낸스 공식트위터, 상장 선호코인 투...",스쳐두여보,2021.08.24,3800,5,1
334,리플,내가 원래는 xrp만 갖고 있었거든?,코링코인,2021.08.24,1805,0,0
333,자유게시판,10억 넘게 날린 나도 살아있다. 절대 자살하지 말...,사람사는세상4.16,2021.08.24,1686,2,5
332,자유게시판,바이오프로스트,코린이의행방불명,2021.08.24,1872,12,0
331,자유게시판,현 시점 젤 ㅂㅅ 코인 뭘까?,냄비속개구리,2021.08.24,1604,0,0
330,자유게시판,저점부터 바프 호재전달드렸던사람입니다.,1억까지...,2021.08.24,1596,1,1
329,손익인증 게..,8월 누적수익금 +930만원,머프7,2021.08.24,3318,1,0
328,자유게시판,빗썸 업비트 둘 다 한종목 몰빵했다,픽장인이요ㅎ,2021.08.24,1655,0,0
327,자유게시판,바프(바이프로스트)에 4억9천 물렸다니까 인증없...,시키.,2021.08.24,2667,1,2
326,손익인증 게..,코인원에서 업비트로 이주시작하는 코린이,성나게폼나게,2021.08.24,3738,0,0
325,코인정보,"""비트코인-은, 최고 투자처""",한소희,2021.08.24,4741,6,0
324,비캐에이비씨,20만원,황금사자,2021.08.24,2149,0,0
323,코인뉴스,"페이팔 영국에서 암호화폐 거래 시작, 8월 24일 ...",코인판뉴스,2021.08.24,48161,28,0
322,리플,소송 끝나면 리플 가격,리플3만개,2021.08.24,2658,1,4
321,자유게시판,루나300원부터 존버한 사람입니다. 10000% 찍음,차트10년차,2021.08.24,4382,4,2
320,코인정보,SEC가 집중하는 것은 투자자 보호 게리 겐슬러 위...,양손,2021.08.24,3057,3,0
319,손익인증 게..,한강 가실 분 모집 합니다.,일런머스크,2021.08.24,4315,0,0
318,코인정보,코인이 올라갈수밖에 없는이유,돌진*,2021.08.24,21388,25,12
317,자유게시판,고수형님들 정말 어떻게 될까요 .옵저버 메디,Nabby,2021.08.24,1653,0,0
316,이오스,이거 이오스냐?,"""EOS""",2021.08.24,1987,0,0
315,자유게시판,루프링 씹호재 떳다,ㄹㅇ꿀,2021.08.24,1539,0,0
314,자유게시판,이번주 30%먹을수 있는 코인,ssssssslll,2021.08.24,2215,0,1
313,자유게시판,바프에 대한 개인적인생각 4,토끼왕,2021.08.24,13141,57,7
312,자유게시판,이제 2주간 대하락장이 펼쳐질 것이다.,또지★,2021.08.24,1949,0,5
311,리플,얼마남지않았다,앵무도리,2021.08.24,2315,0,0
310,자유게시판,조만간 NFT날라간다,NFT는신이고나는무적이야,2021.08.24,3382,2,0
309,자유게시판,루프링NFT 게임스탑? 프로선동러 입니다.,흑산도보랑이호지,2021.08.24,3211,1,0
308,손익인증 게..,조바심 갖지말고 때를 기다리자.,분당얼짱,2021.08.24,6633,1,0
307,자유게시판,바이프로스트  바프 파이랩 대표,Cnfjejeidk,2021.08.24,1601,0,0
306,자유게시판,[분석](장문주의) 오미세고(OMG) 리브랜딩 분석,업비트로갈아탐,2021.08.24,2823,6,1
305,에이다,에이다 지금 추매 해도 될까요?,한강뷰냐한강다리냐,2021.08.24,2799,0,0
304,차트분석,비트코인 단기 관점 공유,다같이죽어보자,2021.08.24,20281,35,1
303,손익인증 게..,에이다는 파는거아님,슬리밍,2021.08.24,5894,1,0
302,자유게시판,---상승의 끝이 뭔지 아냐,천하제일단타대회-,2021.08.24,3394,4,0
301,손익인증 게..,선생님들 바프,고추딱딱함,2021.08.24,2823,0,0
300,자유게시판,쥐좆시드 주의>>5일간 바프단타로 시드 8배...,구걸하는건물주,2021.08.24,2912,0,0
299,자유게시판,솔직히 바프의 기술력과 상장이슈면 5배는 가있어...,scvscvgo,2021.08.24,1928,1,0
298,자유게시판,메타디움 진짜임?,병신흑우를보면웃는사람,2021.08.24,2159,0,0
297,자유게시판,바프 꺼억 그다음은,현금채굴하는노예,2021.08.24,1560,0,0
296,자유게시판,바프 3분기 호재 & 상장 이슈,제이씨투,2021.08.24,8190,37,2
295,자유게시판,와이프한테 3천줫는데 1억달성함ㅋㅋㅋ,구로X지털×지,2021.08.24,3947,1,0
294,자유게시판,메디 1차 매도가,설거지vs설거지,2021.08.24,2265,4,0
293,리플,나를 믿지말고 내 경험을 믿어라(리플 풀매수 강...,#aka재벌루이,2021.08.24,2958,3,2
292,자유게시판,이걸 보고도 사태의 심각성을 모른다면 코인접어,2018어게인,2021.08.24,1803,1,1
291,자유게시판,[SEC vs XRP소송] 따끈따끈 트위터 뉴스. 사실상 ...,Kaizi,2021.08.24,22426,3,5
290,도지코인,도지 보유 비율,Powergogo,2021.08.24,1631,6,0
289,손익인증 게..,농부매매 3일차 순항중,한방에훅간다,2021.08.24,4176,1,1
288,자유게시판,바프 상장 마케팅비 2500만개,갓제이,2021.08.24,1900,0,0
287,자유게시판,비캐똥 다음주까지 계속 빠지겠지?,이캐시XEC,2021.08.24,3585,0,0
286,자유게시판,바프 상장가 580 실화냐 ㅋㅋ,도와줄게형이,2021.08.24,2396,0,0
285,이더리움클래식,이더리움클래식 가치평가,딱손,2021.08.24,4433,27,0
284,자유게시판,온톨가스 120퍼 잘 먹고갑니다. 인증,코인개망햇누,2021.08.24,2589,3,0
283,자유게시판,역사는 반복된다 펌핑 순서 가르쳐줌 틀린거있음 ...,근본코인을찾아서,2021.08.24,3567,1,1
282,자유게시판,돈 복사장인가ㅋㅋㅋ,돌아온홀리,2021.08.24,2580,0,1
281,코인정보,퀀텀 반감기 기사입니다. 호재인지 악재인지...,흑요석,2021.08.24,6315,4,0
280,자유게시판,자고 일어났는데  이거뭐냐???,tryupol,2021.08.24,3138,0,0
279,자유게시판,알파쿼크 기사 개x끼야,쪼꼬미언니,2021.08.24,6013,0,0
278,자유게시판,오늘 9시장 이후 50분 스캘핑 결과,료호호호,2021.08.24,2383,1,0
277,손익인증 게..,온톨가스 다음은 루나 차례,새우의작은꿈,2021.08.24,3118,0,0
276,자유게시판,오늘 아침 눈 여겨볼만한 코인,설거지vs설거지,2021.08.24,3185,6,0
275,자유게시판,에이다 이 원석을 팔아버렷네,코인뚝배기,2021.08.24,3104,1,0
274,자유게시판,형들 버릴 종목 좀 골라줘ㅠ.ㅠ,꼬온,2021.08.24,1583,0,0
273,자유게시판,아까 이거 올린형 진짜야?,망멍,2021.08.24,2836,0,1
272,자유게시판,에이다 10년 뒤 가격,기승전여자,2021.08.24,2726,1,0
271,자유게시판,비캐똥 리브랜딩 기원 26일차,스붕아붕가줘,2021.08.24,10593,1,0
270,자유게시판,와 개 ㅂㅅ들 지가산코인 선동오지네,클리토리스,2021.08.24,3489,2,0
269,자유게시판,왁스 바낸 상장 몇시 인가요?,아이빌리브크립토,2021.08.24,2842,0,0
268,자유게시판,왁스 엔진 상장,럭키데이,2021.08.24,3273,1,0
267,자유게시판,이거 매수하면 최소 1000%다,롱스톤매수,2021.08.24,16989,3,1
266,자유게시판,오빠들 경주마 선동 ㅎㅐ주세욥,지빵.2,2021.08.24,2209,0,0
265,자유게시판,에이다가 왜 끝판왕인 이유,한국천사,2021.08.24,4963,0,0
264,자유게시판,이제 김치중에 안쏜건 밀크 보라 남았는데..,Sweetcoin,2021.08.24,1749,0,0
263,자유게시판,41살 노처녀 혼술조지는중,은성수대통령,2021.08.24,3688,0,1
262,자유게시판,칠리즈  오늘 유럽최대 거래소 비트스탬프 상장,100억참치,2021.08.24,3360,0,0
261,자유게시판,바프 아침 생존신고합니다,아잉잇킹,2021.08.24,2622,0,0
260,자유게시판,와 이오스 개떡상하노 ㄷㄷㄷㄷㄷㄷㄷ,은성수대통령,2021.08.24,2617,0,0
259,자유게시판,코인 하나 선동할께,녹색메로나,2021.08.24,3016,0,0
258,자유게시판,엔진 칠리즈,밈밍이,2021.08.24,2916,0,0
257,자유게시판,솔라나 미쳤다리 ㄷㄷ,건강이,2021.08.24,2342,0,0
256,자유게시판,출근전 아침식사,한국천사,2021.08.24,2313,0,0
255,자유게시판,짜증나 왁스 호재  터졋다,후니스빗,2021.08.24,3643,0,0
254,코인정보,Bifrost가 무엇인가? Q&A,BIFROSTHOLDER,2021.08.24,2765,1,0
253,자유게시판,형들 은진이 더 사랑해줘야겠지? 아직보내긴이르...,쾌락악마,2021.08.24,3215,0,0
252,자유게시판,불장인데 못먹고 있는 애들 특징,롤렉스데이데이트,2021.08.24,2756,0,0
251,자유게시판,뭐가될진 몰라도 오늘 경주마도 100%이상 쏠것이다.,뇌절,2021.08.24,2626,0,0
250,자유게시판,오늘 경주마,오늘도인권비달달,2021.08.24,1533,0,0
249,유머/감동,성수동 32억 아파트를 매입한 20대,❗❓,2021.08.24,14406,85,4
248,자유게시판,바프 다말아올렸누 ㅋㅋ,한국도박문제관리,2021.08.24,2124,0,0
247,손익인증 게..,왁스 바이낸스에서 거래 6시30분부터 되는거 맞지?,에브리pd야,2021.08.24,2889,0,0
246,자유게시판,와 한지원 사기꾼 충격이네요,뉴비49,2021.08.24,3411,2,0
245,자유게시판,엔진이 낳냐 칠리즈가 낳냐,야짤보면추천좀해라,2021.08.24,2561,2,0
244,자유게시판,낼이나 낼모래 대폭락 조심해라,응응기기,2021.08.24,1518,0,3
243,자유게시판,(성지 예상 글) 루프링 호재 예측,chartkim,2021.08.24,5635,9,0
242,자유게시판,리저브라이트 RSR 호재 진행상황,wldbstodaudt,2021.08.24,1776,0,0
241,자유게시판,지금 살거 하나뿐이다,가가가브아자,2021.08.24,1585,0,0
240,자유게시판,이시간 엔진러들 웃음벨 ㅋㅋㅋ,흥칫푸르,2021.08.24,2298,1,4
239,자유게시판,코로나 백신맞고 8일후에 지금 응급실이다..,이오스화성갈끄니까,2021.08.24,1541,2,0
238,자유게시판,엔진 오후5시상장이잖아 왁스200퍼갔는데 몇퍼갈까,유리3,2021.08.24,2269,0,0
237,자유게시판,자기전 엔진코인 다들 매수는 해놓고 자라.,스쳐두여보,2021.08.24,1527,0,0
236,자유게시판,엔진 몇시상장임??우리나라시간으로,후배위한선배,2021.08.24,1545,0,0
235,자유게시판,에이다  언제까지 가져갈까요?,skmilds,2021.08.24,2316,2,0
234,자유게시판,내일 경주마 알려준다.,ㅁ콜롬비아나,2021.08.24,7260,2,0
233,자유게시판,에이다 지금 담는다?,한판으로끝내기,2021.08.24,2561,0,0
232,자유게시판,병신 인증,졸라섹쉬,2021.08.24,2720,0,0
231,자유게시판,코인 입문하시는분들 필독!,2001nell,2021.08.24,2158,11,0
230,자유게시판,도지 팔아서 그냥 에이다로 다 갈아탈까용...?,로또50억당첨공주꼬얌♡,2021.08.24,3126,0,0
229,자유게시판,관리자에 의해 차단된 글입니다.,마이저,2021.08.24,5769,1,45
228,자유게시판,왁스 8월 22일 (토) 이 물량 판 형 찾습니다.,아부지띄,2021.08.24,1618,0,0
227,자유게시판,관리자에 의해 차단된 글입니다.,익절하고싶어요!!,2021.08.24,1827,0,3
226,손익인증 게..,왁스 4억 수익 인증 (리딩방 귀인 차단하시길),아부지띄,2021.08.24,3892,2,0
225,코인정보,칠리즈.엔진코인 신규상장,파페포포V,2021.08.24,15558,10,0
224,자유게시판,바프 그냥 고래들 매집이야... 탑 20개 지갑에 98...,관술사,2021.08.24,1523,0,0
223,자유게시판,엄마한테 5000만원 벌었다고 하니까,오일투자자,2021.08.24,3424,1,0
222,자유게시판,루프링 VS 파월 27일 두근두근,궁금함,2021.08.24,1680,0,0
221,자유게시판,바프 홀더로써 한마디,우아이곤,2021.08.24,2125,5,0
220,자유게시판,잘봐라 오미세고 1타강사,끝도없이두근대,2021.08.24,1724,0,0
219,채굴정보,3070ti 레이븐 채굴정보 공유,20억찍고졸업가자,2021.08.24,2028,1,0
218,자유게시판,아까 21살에 빚 800생긴 사람인데,1억가즈아68,2021.08.23,2587,0,0
217,자유게시판,엘프 토큰스왑으로 혁명빔 나올거같은이유,구로X지털×지,2021.08.23,1552,0,0
216,자유게시판,지금 울동네 상황,코인개미님,2021.08.23,2938,3,0
215,자유게시판,천만원짜리 맥주다 ㅅㅂ,별명작명가,2021.08.23,2701,1,0
214,코인정보,엘살바도르 대통령: 비트코인 법안을 지원하기 위...,양손,2021.08.23,13051,18,0
213,자유게시판,쫄지마 쏟을거면 벌써 골로갔다,품마크드,2021.08.23,3259,0,0
212,자유게시판,진지) 21살 무직에 빛800 입니다 .. 힘드네요,1억가즈아68,2021.08.23,2294,2,0
211,손익인증 게..,에이다는 사랑입니다.(1차),푸른하늘8282,2021.08.23,3358,2,0
210,자유게시판,[분석] 오미세고 보바네트워크 트윗 올려야 쏠듯,업비트로갈아탐,2021.08.23,3568,2,0
209,자유게시판,오미세고 물렷는데 손절쳐야대니,맛집로드,2021.08.23,1517,2,0
208,자유게시판,오미세고 인증 ㅠㅠ,제제09,2021.08.23,1566,0,0
207,자유게시판,바프 (바이낸스 ) 상장 호재 정리 및 예측,구경꾼데헷,2021.08.23,2983,0,1
206,자유게시판,바이프 홀더인데 먼가 구린내 난다 상장 전문가 ...,시드펌핑,2021.08.23,1507,0,0
205,자유게시판,오브스 평단 194원 4개월째 존버 -70%에서 현재,워렌버핏테스트,2021.08.23,1691,0,0
204,자유게시판,5억 정도 벌었네.. (ft.70억 형이다),영이오빠다,2021.08.23,4198,1,0
203,자유게시판,코인 무섭네요 진짜..,앵거쥐,2021.08.23,2599,0,0
202,코인정보,[속보] 오미세고 파트너십 예고 + 리브랜딩,잼민이핵주먹,2021.08.23,14489,4,4
201,이더리움클래식,내가 이클을 매수한이유,자비는없댜,2021.08.23,1830,1,1
200,자유게시판,아 몰라.. 풀시드 다 박았다. 모르겟다..,대개문시바새키,2021.08.23,3207,2,0
199,자유게시판,펌핑명가 3대장,[10%]K,2021.08.23,11556,1,2
198,자유게시판,요즘 90년생 서민여자랑 결혼할때,와따리갓따리,2021.08.23,4308,1,0
197,손익인증 게..,리플 마진으로 한달만에 약 20배 수익(500만원-&g...,코인의전성시대,2021.08.23,7568,4,2
196,코인정보,리플(XRP) 1.7달러(2000원)까지 상승할까?,로커스,2021.08.23,6646,6,0
195,자유게시판,10명중 7명이 잃는다는데.............,내가위즈원,2021.08.23,2898,1,0
194,자유게시판,형들 시발 나 힘들어서 그런데 봐줘,비엔컴퍼니,2021.08.23,2183,1,0
193,손익인증 게..,오늘 푸근하게 먹었네요 왁스.피르마,벨텔2,2021.08.23,4433,0,0
192,자유게시판,아직도 매수마려운친구들 힌트준다,[10%]K,2021.08.23,1725,0,0
191,폰카갤러리,짜세녀,AQUAMAN,2021.08.23,14282,16,1
190,자유게시판,바프 바이프로스트 곧 바낸 상장한다는 듯?,호호호호재다,2021.08.23,3598,0,1
189,자유게시판,33살 노처녀 저녁조진다.jpg,은성수대통령,2021.08.23,3713,1,4
188,자유게시판,도지 평단들 몇이야??,크롬하츳,2021.08.23,2018,0,0
187,자유게시판,왁스 손절 후 의자 부셧다,사는게낙,2021.08.23,3617,3,3
186,자유게시판,바프 살려달라,역사상최고점매수,2021.08.23,2558,6,0
185,자유게시판,옆집 자퇴생도 코인으로 3억벌었다는데 ? ㄷㄷㄷ...,추천하면돈방석,2021.08.23,2183,0,7
184,자유게시판,힌트준다 300프로갈코인 이미 나는 풀매수,코린이임,2021.08.23,2649,0,1
183,자유게시판,50K까지 들어올렸으니 이번에 당연히 조정은 올건데,설거지vs설거지,2021.08.23,1901,2,0
182,자유게시판,와 오늘 돈복사 개지리네;;,공매수,2021.08.23,2641,0,0
181,코인정보,bcha(xec) 25만원 갈까>? 액면분할? 그림잘봐!,잊혀진전설,2021.08.23,5457,9,2
180,자유게시판,바프 생존신고합니다,아잉잇킹,2021.08.23,2606,3,4
179,코인정보,프로톤코인,하이브달러,2021.08.23,1553,3,4
178,자유게시판,9시장 준비하자 실시간 인기검색어,불타는경주마,2021.08.23,2479,3,0
177,자유게시판,꽃미남 루프링 경영진 공개,한국천사,2021.08.23,2375,1,0
176,자유게시판,BTC 15000개 후오비 입금.......손절쳤다,감동의메로나,2021.08.23,3284,1,1
175,자유게시판,에이다 못 가는 이유,로켓판치,2021.08.23,1850,0,0
174,자유게시판,조롱x) 근데 바프 도둑상장당하는거 좀 놀랍긴하다,신라면건면,2021.08.23,1751,0,0
173,자유게시판,곧 올라갈 떡상 픽하나 공유합니다.,자유로잇,2021.08.23,1865,0,0
172,자유게시판,8천 꼴고 개인회생하고있다.. 니들은 하지마라..,쇼피파이몬,2021.08.23,16104,67,7
171,자유게시판,루프링 사야하는이유 (진지함),흑산도보랑이호지,2021.08.23,2688,4,0
170,자유게시판,(고급정보) 업비트 비티씨 마켓 코인 원화상장,진리크,2021.08.23,2425,0,1
169,자유게시판,태풍온다 100퍼떡상코인,끝도없이두근대,2021.08.23,1607,1,0
168,자유게시판,바프 도둑상장으로 자꾸 호재라고 하는데,코울증말기,2021.08.23,1838,1,1
167,자유게시판,루프링 바프급 호재인이유는,아놔,2021.08.23,2218,0,0
166,연예인갤러리,얼굴,니가모아사토시,2021.08.23,10572,3,1
165,자유게시판,루프링 바프급호재같은데.,아놔,2021.08.23,2302,1,0
164,자유게시판,왁스 200억,켄그리핀,2021.08.23,3570,0,0
163,자유게시판,비트 만오천개 입금,익절은습관화,2021.08.23,2437,1,0
162,자유게시판,떡락 시그널 떳다,범므,2021.08.23,2575,0,0
161,자유게시판,--- 비오는날 뭔지 알재??,천하제일단타대회-,2021.08.23,1870,0,0
160,자유게시판,(초강력경고)지금의 매우 위험한 상황 알려준다,2018어게인,2021.08.23,2684,0,0
159,자유게시판,이런애도 리딩한다. ㅋㅋㅋㅋㅋㅋ,poina,2021.08.23,1786,3,0
158,코인정보,이건 개별코인 호재인가요?,흑요석,2021.08.23,4973,1,0
157,자유게시판,비오니까 유흥 하고싶네.... 마사지나 받고 올까,감동의메로나,2021.08.23,3077,0,0
156,자유게시판,그간 고생했다 불장때 시드10배 무조건 되라 자격...,한강뷰부자,2021.08.23,2657,1,0
155,자유게시판,루프링 마지막 글^^ (feat.이더/nft),톤톤하다,2021.08.23,1716,2,0
154,자유게시판,관리자에 의해 차단된 글입니다.,10억찍자,2021.08.23,1644,1,3
153,리플,100000% 상승장 사람보다 기계가 정확하다,#aka재벌루이,2021.08.23,2652,2,3
152,손익인증 게..,수익일지,원숭이가산다,2021.08.23,4490,0,0
151,자유게시판,500주고 6개월 기다려서  받았다..,한강뷰부자,2021.08.23,18534,35,6
150,자유게시판,바프 오늘 하루 잡거래소 상장만 2개 ㅋㅋㅋㅋㅋ...,스쳐두여보,2021.08.23,1997,0,0
149,자유게시판,성지글 남기고 간다,엔코달나라도착,2021.08.23,2075,0,0
148,리플,리플 승소했다 사라,토니스타크_avg,2021.08.23,3428,2,1
147,코인정보,시총 1000억 이하 아르고의 행보,훈수쟁이블록,2021.08.23,4662,7,1
146,자유게시판,리플승소했어?,흑우음째,2021.08.23,1525,0,0
145,자유게시판,리플 sex소송 승리,ETH_USD,2021.08.23,3051,2,1
144,코인정보,플로우(Flow) 코인 락업 해제일(21.09.22),비트코인KOREA,2021.08.23,4447,3,1
143,손익인증 게..,황썸 위드 가주아~,9block,2021.08.23,1626,1,0
142,자유게시판,업비트 내부자 거래 아니냐 이정도면,흑산도보랑이호지,2021.08.23,1512,3,0
141,에이다,지금 사는거 어떨까,20억가즈앙,2021.08.23,2055,0,1
140,자유게시판,형들   뭐가땡겨?,#@@**☆,2021.08.23,3176,0,3
139,손익인증 게..,왁스 10일전,가야밀,2021.08.23,4143,0,0
138,폰카갤러리,통통이란 이런것,-8천나이가깡패당,2021.08.23,13045,11,0
137,자유게시판,레이븐 무조건 챙겨야하는 이유 알려줌.,골마,2021.08.23,2681,4,0
136,자유게시판,오늘 왁스로 돈좀 벌어서 와이프 차한대뽑아줄라...,-했제와그랬제-,2021.08.23,2328,0,0
135,자유게시판,바프존버필독) 내일or모레 100%달릴 코인추천,신라면건면,2021.08.23,1928,0,0
134,자유게시판,유튜버들 추천 바낸 5대 코인,한국천사,2021.08.23,3777,0,0
133,자유게시판,왁스에 물렸다 한강간다,비체인전문가,2021.08.23,2472,0,1
132,자유게시판,ㅋㅋ바프 잘봐라,미꾸라지이,2021.08.23,1999,1,1
131,자유게시판,칠리즈 엔진 상장,리정구구,2021.08.23,2041,0,0
130,자유게시판,"바프 코베나 바이낸스 상장되면,",스쳐두여보,2021.08.23,1539,0,0
129,자유게시판,싱가포르 바프 호재,죽을맛,2021.08.23,2243,1,2
128,자유게시판,속보) 이오스 매수세 폭발,율호,2021.08.23,2416,1,1
127,자유게시판,바프 WBF 도둑 상장이 호재인 이유,죽을맛,2021.08.23,1628,0,2
126,자유게시판,에이다 씨발련,비트코인10억간다,2021.08.23,3475,4,1
125,자유게시판,바프 추가상장 WBF exchange(대형거래소 전 밑작업),제이씨투,2021.08.23,9144,30,0
124,자유게시판,착한선동 BTC 픽준다,코린이의행방불명,2021.08.23,2165,1,1
123,자유게시판,팩트로 경고한다. 판단은 니들이 해라,2018어게인,2021.08.23,1568,5,0
122,자유갤러리,승마2,니가모아사토시,2021.08.23,9193,4,1
121,코인정보,비트코인은 두놈 때문에 오르고 내린다~~~~,コイン界の神様,2021.08.23,20963,50,3
120,자유게시판,바프 바낸상장추천 트위터 한국인댓글 ㅋㅋㅋ,코린이의행방불명,2021.08.23,2443,1,0
119,자유게시판,코인지표를 알려주마 필독하고 외워라,깡스기,2021.08.23,1571,13,0
118,자유게시판,이번주는 공포의 대떡락 주가될거다(전원필독),2018어게인,2021.08.23,1676,1,0
117,스텔라루멘,스텔라 10만원 가나요?,바자리,2021.08.23,1652,0,0
116,손익인증 게..,왁스 시바련,비트코인24k,2021.08.23,4670,1,0
115,자유게시판,왁스 평단 97원인데 언제 내림?,Gogo788,2021.08.23,2957,0,0
114,자유게시판,야 이 씨발 한강왔습니다,아까워도주는나무,2021.08.23,1572,0,4
113,자유게시판,바프 더샀다 ㅂㅅ들아,b31n6,2021.08.23,1871,0,1
112,자유게시판,근데 왁스 뭐하는 코인이길레 바낸상장함?,무릎,2021.08.23,1502,0,0
111,에이다,에이다 매도 시점 언제로 보나요,로켓판치,2021.08.23,3332,0,0
110,자유게시판,NFT 코인 하나만 골라주면 바로 탈게여,가자가,2021.08.23,1633,1,0
109,코인정보,어서와 ! 대하락이후 5만달라는 처음이지 ?,허리휘어진개미,2021.08.23,25074,186,7
108,손익인증 게..,"수익 1,000% 기념 고점 스샷",판교역1번출구,2021.08.23,6358,1,0
107,자유게시판,2025년 다음 반감기 주요 코인 가격 현황,브래으파트,2021.08.23,1862,2,4
106,자유게시판,왁스 코인 전망 (600층이상 필독),Gaget,2021.08.23,1502,0,1
105,자유게시판,왁스 200억 던지겠습니다 ~~~~~~~~~~~~~,추천하면돈방석,2021.08.23,3997,3,0
104,자유게시판,왁스 200억 고래 누구꺼냐~? ㄷㄷ,Jindo(송충이),2021.08.23,3925,0,0
103,리플,리플 유튜브보니까 9월중순이나 말쯤에,비트코인건강한조정1비트1억,2021.08.23,2671,0,0
102,자유게시판,남들 입에 안오르는 스트라티스 샀다~~,100배코인만노린다,2021.08.23,1555,0,0
101,자유게시판,형이 한수 알려주고 코인하나 찝어준다.,우주중년아톰,2021.08.23,2030,1,0
100,손익인증 게..,왁스 ㄹㅇ사기임,분홍색코키리,2021.08.23,5617,0,0
99,자유게시판,바프방 다들 미침..,역사상최고점매수,2021.08.23,3319,4,0
98,자유게시판,왁스 400%간다 저녁에,별명작명가,2021.08.23,2480,0,0
97,자유게시판,오전에 형이 왁스 무조건 타라했제,풀매수때렸다,2021.08.23,2684,4,0
96,자유게시판,왁스왜 풀발기했나 봤더니,담십리탐폰마스터박호두,2021.08.23,3372,0,0
95,자유게시판,이 시각 제일 대가리 후끈한 놈,명언제초기,2021.08.23,1642,1,0
94,코인정보,농협이 코인베이스한테는 계좌를 줄까?,양손,2021.08.23,15626,42,0
93,도지코인,테슬라 수퍼차저와 맥도날드 (1달라 커피??),리플은2020년부터,2021.08.23,1653,11,0
92,자유게시판,왁스 목표가 예견,아부지띄,2021.08.23,1537,2,0
91,자유게시판,재상장 코인은 추천해드리고싶지 않은데,설거지vs설거지,2021.08.23,1731,1,0
90,자유게시판,"바이프로스트, 바이파이 홀더분들 보셔용",1억까지...,2021.08.23,2445,5,2
89,코인정보,갈곳 잃은 아프간머니 암호화폐로 이동중,비틀라코,2021.08.23,17813,24,0
88,이오스,이오스 텔방 근황.JPG,키르히아이스,2021.08.23,2443,7,0
87,코인정보,에이다 오르는 이유 추정 3가지,새우의작은꿈,2021.08.23,26227,43,4
86,차트분석,비트코인 차트분석,ada가즈아~,2021.08.23,8619,6,2
85,유머/감동,주식판 코인,사탄마귀,2021.08.23,3391,4,0
84,코인정보,"카르다노, 신고가 랠리 지속 시총 1천억달러 목전...",알트줍줍,2021.08.23,3267,5,0
83,유머/감동,길거리 9900원 트럭피자,❗❓,2021.08.23,2882,2,0
82,에이다,"카르다노 재평가 필요, 승자-패자 명확해질 것",마일로즈,2021.08.23,3560,38,2
81,손익인증 게..,팔아여?!,코인땜빵,2021.08.23,2300,0,0
80,자유게시판,루프링 빅뉴스 딱봐도 알겠다 결제임,Btc마켓고수,2021.08.23,2237,1,0
79,자유게시판,이쯤에서 다시보는 성지글,ada가즈아~,2021.08.23,1769,3,0
78,자유게시판,주봉 보면서 매매해라,어릴적모아놓은돈다잃었소,2021.08.23,1753,0,0
77,자유게시판,BTC 중에 아직 좀더 남은거 리스트 뭐뭐 남은거 ...,노스페라투,2021.08.23,2526,1,0
76,리플,리플이 과거와 다르게 크게 떡쌍을 못하는 이유,蟲Factory,2021.08.23,2870,5,2
75,코인정보,암호화폐 거래소 줄폐업 막는다,한소희,2021.08.23,7238,12,1
74,폰카갤러리,이정도면 부담스런 크기??,니가모아사토시,2021.08.23,13257,12,0
73,손익인증 게..,에이다 이더리움 동지들 모여라!,스텔,2021.08.23,3898,4,2
72,자유게시판,에이다 일본 상장하면,엥??..??..??,2021.08.23,2580,1,0
71,자유게시판,바프 좋은소식 계속 나오네요. 정보공유,1억까지...,2021.08.23,3333,3,3
70,자유게시판,비캐똥 개싯팔 오늘싯팔 안오르면 싯팔,hggfhbv,2021.08.23,5237,0,0
69,손익인증 게..,에이다 3200 기념샷 ㅎ,이더존버충,2021.08.23,2844,1,0
68,폰카갤러리,피로회복,팩폭전문가,2021.08.23,9884,5,3
67,자유게시판,에이다 520만개 보유자가 말합니다,신고맨,2021.08.23,3847,4,0
66,자유게시판,스튜어디스 출신 여대리ㅋㅋ,중대기업A200오너,2021.08.23,4113,0,0
65,자유게시판,바프에 대한 개인적인생각2,토끼왕,2021.08.23,1881,7,1
64,자유게시판,지금 무조건 매수해야하는 코인.,코린이의행방불명,2021.08.23,2807,0,0
63,자유게시판,"(속보) 코스프레걸, 호감 vs 불호? 코인판 유저 ...",박상기대통령,2021.08.23,4091,3,0
62,자유게시판,대한민국이 미쳐간다..,˚✧₊⁎(˘ω˘)⁎⁺˳✧༚,2021.08.23,4019,1,0
61,자유게시판,"(속보) 51살 틀딱 모닝술 한잔한다 ,,,,",은성수대통령,2021.08.23,3558,0,9
60,자유게시판,루프링~~~8천8백만원샀다ㅋㅋ,최프로다,2021.08.23,2977,1,0
59,유머/감동,뒤태,네오토토,2021.08.23,2538,1,1
58,자유게시판,(속보) 여초에서 논란중인 주제.jyp,은성수대통령,2021.08.23,4114,0,0
57,자유게시판,만원시작 11시간수익율 4000퍼센트 .?,N7L,2021.08.23,1830,0,0
56,자유게시판,도박 phase2 루프링 바프링 에이다,보보상차,2021.08.23,2894,0,0
55,자유게시판,상가 담보대출 받아서 바프에 올인함,아잉잇킹,2021.08.23,3587,0,4
54,자유게시판,기관들 코인 포트폴리오,디링,2021.08.23,2892,2,0
53,자유게시판,오랜만에 픽나감 20~30퍼 정도 지금까지 적중률 ...,신의쿠쿠다스,2021.08.23,1525,2,0
52,자유게시판,(속보) 48살 노처녀 아침먹는다.jpg,은성수대통령,2021.08.23,3972,0,7
51,자유게시판,슬슬 느낌 오제~?,흥칫푸르,2021.08.23,2211,0,3
50,자유게시판,어제 친누나랑 술마시다가;;,Wbsghdjssla,2021.08.23,3406,0,4
49,자유게시판,9시에 누가 웃는지 보자고 ㅋ,흥칫푸르,2021.08.23,1740,0,2
48,자유게시판,솔직히 나는 중도인데 올해 완전히 돌아섰다.,고인물장인,2021.08.23,1767,43,10
47,자유게시판,루프링 때메 못자는사람??,구걸하는건물주,2021.08.23,3000,0,0
46,자유게시판,루프링 호재 찌라시,뽀록왕,2021.08.23,2583,3,0
45,자유게시판,심심해서 코인판 기웃 루프링 선동정리해봤다!,잘있어라고마웠다,2021.08.23,3384,2,0
44,손익인증 게..,가즈아,ratt35,2021.08.23,4487,0,0
43,자유게시판,자기전에 루프링 정보 주고 잔다.,흑산도보랑이호지,2021.08.23,1553,1,1
42,자유게시판,이래도 안 꼴리면 내가 졌다,로켓판치,2021.08.23,3452,2,0
41,자유게시판,알았어 진짜 쎈 거 올린다,로켓판치,2021.08.23,3633,3,0
40,자유게시판,초미녀와 뜨밤 vs 최고점 익절,존나버러우,2021.08.23,3662,0,0
39,차트분석,비트 단기방향 차트,Storj,2021.08.23,7358,6,2
38,자유게시판,(속보) 여자가 남친 칼로 쑤시고 투신자살함,로켓판치,2021.08.23,4178,0,0
37,자유게시판,워뇨띠는 2~3일에 60억 버니까,비또고니,2021.08.23,2239,0,0
36,손익인증 게..,카바 달려보자잇!!!!!!!!!!,주결경,2021.08.23,3608,3,1
35,자유게시판,바프 카운트는 믿으면서 왜 루프링은 안믿음?,둠밥밥,2021.08.23,1516,0,0
34,자유게시판,바이낸스 리더보드 워뇨띠 주간 1등 월간 6등ㄷㄷ,비또고니,2021.08.23,1649,0,1
33,자유게시판,1억 5천치 매수했어 ~,코린이임,2021.08.23,3219,0,0
32,자유게시판,내일 경주마 추천받는다,미꾸라지이,2021.08.23,2871,0,0
31,리플,게시글 대충 훑어봤는데 점점 미쳐가는군요 ㅋ,레레,2021.08.23,1913,4,12
30,자유게시판,루프링 3억 롱인데 펀비가....대단..,코인토큰,2021.08.23,1501,0,0
29,자유게시판,많이 물린 코인별 적정가(태클환영),몽글한김밥,2021.08.23,2527,0,0
28,자유게시판,제 글을 지켜보시는분들 필독 바랍니다.,푸들푸들잉,2021.08.23,3333,9,10
27,손익인증 게..,모두가 비난할때 금일수익권 1억,유라c,2021.08.23,6718,3,1
26,코인정보,[분석] 루나 4900만개 매도 대기 물량 + 1700만개...,나도추천좀요,2021.08.22,19688,13,9
25,자유게시판,에이다 전재산25배숏  결과,똑똑한코린이,2021.08.22,2443,0,0
24,자유게시판,비캐똥으로 1500장 먹고...,회원정보변경,2021.08.22,2261,0,0
23,자유게시판,관리자에 의해 차단된 글입니다.,투더문을뚫어라,2021.08.22,1679,6,3
22,자유게시판,비캐똥 월요일부터는 리브랜딩 공시기대감으로 매...,진심부자되고파,2021.08.22,15478,0,0
21,자유게시판,바프. 1주일,곧100억자산가,2021.08.22,2217,2,0
20,자유게시판,폴카닷 이거 진짜 사실이야?,아리가마스네,2021.08.22,3729,2,1
19,자유게시판,루프링 가치투자자입니다,브아아아알,2021.08.22,2770,3,0
18,자유게시판,간만에 픽준다,죠트리,2021.08.22,1546,0,2
17,자유게시판,연말가격 딱말해준다.,1++말랑카우,2021.08.22,2563,0,0
16,자유게시판,엔케이엔 이번엔 제대로 갈듯합니다!!!,푸들푸들잉,2021.08.22,1619,4,7
15,자유게시판,Btc 루프링 빅 호재,조말론머스크,2021.08.22,1661,1,1
14,자유게시판,오늘의 픽 (비행사),픽비행사,2021.08.22,2631,8,0
13,자유게시판,제 성격입니다.,ScalpingKIM,2021.08.22,1508,22,0
12,리플,8월 23일 xrp 투더문 시작한다,금괴왕,2021.08.22,2673,1,0
11,자유게시판,스트라티스 무조껀 떡쌍 갈수밖에없는 공식이유 트윗,500억목표,2021.08.22,1793,2,0
10,자유게시판,어거 코인  상승중 ! 30% 이상 봅니다.,푸들푸들잉,2021.08.22,1606,6,3
9,손익인증 게..,7/25일이후....수익480% 44억벌엇네요,일만프로,2021.08.22,7841,5,0
8,코인정보,"카카오는 밖으로, 네이버는 안으로.. 블록체인 전...",나르우시스,2021.08.22,5199,6,0
7,자유게시판,오빠들 신박하게 돈벌생각 났어!!,개무치,2021.08.22,6257,0,0
6,자유게시판,내가 존버한 코인들,뿌리링,2021.08.22,2093,0,0
5,자유게시판,어제 여친이랑 텔가서 떡치고나서,시바10년존버충,2021.08.22,3955,0,3
4,자유게시판,옵저버 이번주 호재있다 미리담아라 카카오 클레이튼,요우리,2021.08.22,1720,0,0
3,자유게시판,지금부터 9월말까지는 '라이트코인' 이...,그레이스케일추종,2021.08.22,2170,2,2
2,자유게시판,씨발 연봉2080만원으로 고급승용차 뽑았다가 진짜...,우지한,2021.08.22,3545,3,1
1,자유게시판,비캐똥 예상 시나리오,롤렉스데이데이트,2021.08.22,3098,0,0
